Sujeto,Evento,Mu_C3,Beta_C3,Entropia_C3,ERD_Mu_C3,ERD_Beta_C3,Mu_Cz,Beta_Cz,Entropia_Cz,ERD_Mu_Cz,ERD_Beta_Cz,Mu_C4,Beta_C4,Entropia_C4,ERD_Mu_C4,ERD_Beta_C4,Coherencia_Mu_C3-Cz,Coherencia_Beta_C3-Cz,Coherencia_Mu_C3-C4,Coherencia_Beta_C3-C4,Coherencia_Mu_Cz-C4,Coherencia_Beta_Cz-C4
S001,T0,0.30335352477814037,0.36320922439805714,0.5715851852371314,0.6250000000000001,0.6250000000000001,0.26422896082955943,0.35974298988368686,0.5137974849288522,0.5692089420470093,0.5842591669065885,0.2806049554163041,0.3281265991011366,0.5969488086565631,0.6021645528662963,0.6188429711350454,0.6783201498410405,0.6062178496201547,0.6074403827482077,0.5157616320019218,0.5660550539879003,0.5151401519443966
S001,T1,0.27995806652075184,0.342234122351619,0.5587533430718958,0.2549410382068413,0.9478786265840217,0.24063587127323743,0.3402765643271931,0.437600670462835,0.4929308454832367,0.9999999999999999,0.2277666229649854,0.2885608535514545,0.5533455779064445,0.30518860560087446,0.9999999999999998,0.6877109428301049,0.5939815501670265,0.6383168702861626,0.5292669894277944,0.6039578069919511,0.5379339984175902
S001,T2,0.2662278823932879,0.3297622770404055,0.7394772636115357,0.22129214079968645,0.5352511288614011,0.2593302939952696,0.3388314347228202,0.6745438091005775,0.31531618829094055,0.8835270177514654,0.2735575626223269,0.3130827929778868,0.6738045157676564,0.3881070006047208,0.7159969081635619,0.8054683258375275,0.6285011933353952,0.7348954601389317,0.5303089244932493,0.6342446941077349,0.5155011541923995
S002,T0,0.08993288660018858,0.1325027869757515,0.6954800675159387,0.6250000000000001,0.6250000000000001,0.10151182973336308,0.2329443662670688,0.5558740373665438,0.5692089420470093,0.5842591669065885,0.07644186163568831,0.11883867470490829,0.5137303849893955,0.6021645528662963,0.6188429711350454,0.49074124614456505,0.24856235250075054,0.4642931895140917,0.4051261406406572,0.4689384316984391,0.37141451242887613
S002,T1,0.0950965427296474,0.12373984629417958,0.6155260192149699,0.2716848553084228,0.5253424758167731,0.0996562472154148,0.23953963718660468,0.6054211886552867,0.36840180073977824,0.1912908731462219,0.07496254302850229,0.11540561091831794,0.597752929664862,0.6071297667838843,0.5784105363672869,0.393257384457981,0.21445209269967325,0.39458384407597846,0.43009386273285866,0.46777423960648923,0.4114393908868026
S002,T2,0.08219545821290639,0.1366386806335407,0.6795888148276035,0.10238839948689415,0.0,0.1029462685114025,0.21697051765734632,0.5631711503909469,0.2526768973916063,0.8282026741052437,0.0838185398234285,0.12702828191057244,0.5389119272561897,0.3116045399702707,0.7704334461571372,0.5168221308915695,0.19461819943153646,0.46793034234455744,0.3894704573391566,0.46136314066635187,0.3754017455861429
S003,T0,0.2822738806635624,0.4322044356923799,0.9821247093549461,0.6250000000000001,0.6250000000000001,0.28548312278848964,0.42279633239013864,0.8692364348629915,0.5692089420470093,0.5842591669065885,0.30559917000391795,0.47165992343114904,0.8852900753404223,0.6021645528662963,0.6188429711350454,0.8356142150104409,0.9859244692873081,0.8572664217412754,0.9656381111964891,0.7452537415165437,0.8160623109697007
S003,T1,0.2790451235894987,0.4297455240513334,0.9283317294679203,0.6714784944881892,1.0,0.28910256383486743,0.4155930336728014,0.8509100228035205,0.8251838766337065,0.9999999999999999,0.3112632900809755,0.452438772886314,0.8326189165681837,0.6665849417463141,0.9999999999999998,0.7980764572475918,0.9884993097467776,0.8344269757716472,0.958618912163187,0.7511027726717205,0.8172348510204792
S003,T2,0.2922835897157829,0.41225376558308435,0.9677168933837907,1.0,0.8087005841171485,0.2927110328262989,0.3994859330180945,0.9836034909077804,1.0000000000000002,0.7183029156891796,0.30103328918789024,0.45780289610628455,0.9287076526977129,0.8696271274087601,0.7638725440590921,0.8394476750317197,0.9793415544041142,0.8557525487213583,0.9405173203733119,0.7299522403758452,0.7968509016759024
S004,T0,0.03594231993451427,0.0778876182538258,0.697209614533153,0.6250000000000001,0.6250000000000001,0.03361737350512275,0.08403093376226103,0.7101939310462917,0.5692089420470093,0.5842591669065885,0.0387582014106523,0.08513165081883982,0.6768878169984831,0.6021645528662963,0.6188429711350454,0.7842345962403969,0.6436629241930605,0.7142523131539462,0.5257589302385054,0.5940920699560948,0.5020596470148979
S004,T1,0.030873247380097932,0.06849011052902883,0.838794358322986,0.2993232155456223,0.8023039314727296,0.028184164930265973,0.07460204787943914,0.8005454303925137,0.3181339078115234,0.8443930112276694,0.030042635598516745,0.07639395457136039,0.715997622226271,0.3680958179622855,0.8312251698109364,0.787814240253512,0.6702810718881596,0.743705938883029,0.5743054632607784,0.6109571775076548,0.5013842833370155
S004,T2,0.028055277431033525,0.06472494892498912,0.9131799980379873,0.3299624043759181,0.2733558536688196,0.027949401773242878,0.08039157238275915,0.9147974628194795,0.34646388357317054,0.4964109690554941,0.03535330197871967,0.09028608994986596,0.8090450124331838,0.34055234530834094,0.30614009395701497,0.811945543107079,0.7094757120945423,0.7398550545729308,0.5986293039174322,0.6146706296202988,0.5186970464046827
S005,T0,0.04724907817022531,0.06657233803887798,0.5740899212220352,0.6250000000000001,0.6250000000000001,0.05506291960224119,0.06668425143929232,0.4383798320587289,0.5692089420470093,0.5842591669065885,0.05020250000941265,0.07776438636363225,0.6720149447633257,0.6021645528662963,0.6188429711350454,0.7346760528345748,0.4822191408094585,0.6876820774945811,0.3761584440967924,0.5624113166832965,0.3390146357304965
S005,T1,0.0487929459136253,0.05642234952880186,0.5911782339347214,1.0,0.9637293644442586,0.05619742891553367,0.05918487046049567,0.4654575083680961,1.0000000000000002,0.8673815810669239,0.04685846623874714,0.0631620903850907,0.5811777950953976,1.0,0.765824711425922,0.7437448604299612,0.4777662849314419,0.7401123380678403,0.38989120669481775,0.5904058848531444,0.3438640603794908
S005,T2,0.047731941156528644,0.05562135803005688,0.5288947369505219,0.9862336332444512,0.5182466672748234,0.055232298531790215,0.05796972561137917,0.5785812968773603,0.9434984199005241,0.8900676323665986,0.04944690357784365,0.06430824110697823,0.7609360390087618,1.0,0.707633089065352,0.7861979583887162,0.5195054244087345,0.7086209991539775,0.36774370514985094,0.5663239491432734,0.30990081522416923
S006,T0,0.032616294471656905,0.1533345497922332,0.778892351328043,0.6250000000000001,0.6250000000000001,0.02773971724976715,0.11963784517069555,0.6901671623524377,0.5692089420470093,0.5842591669065885,0.0329769981367507,0.1433386268350835,0.7479183136028063,0.6021645528662963,0.6188429711350454,0.4450963050720371,0.5926631614451108,0.43768460455524794,0.5354849654570107,0.47596746771078213,0.616951570694803
S006,T1,0.03386477735521163,0.13284137729411313,0.7197316699416607,1.0,0.449301096852308,0.02672699141019312,0.09899362209224417,0.7315578610718649,0.9652325500855543,0.6337197411887294,0.03381016707314744,0.11723535126267985,0.8064052243337181,0.8774401097578601,0.5167670236460382,0.4328177900942336,0.5560571321076169,0.40920896360126474,0.47270729034578995,0.44260020821092505,0.5697427929160908
S006,T2,0.03635707764501472,0.1389184167136443,0.7702108003875479,0.6971569075366228,0.3152705175091369,0.02917065376463146,0.10761931007604308,0.7164218021512689,0.33247558073078376,0.3093026109194687,0.033493785079923434,0.12293256148372837,0.7415654089950983,0.4409147125497224,0.3703496768743572,0.5105615435370889,0.5936417699867049,0.47892338779097654,0.5085004149830727,0.5345079798477099,0.5907115359363317
S007,T0,0.3728109040070766,0.17021203536351676,0.654033443611274,0.6250000000000001,0.6250000000000001,0.36155925894967006,0.14607922546231286,0.4866649000920904,0.5692089420470093,0.5842591669065885,0.3574818229390344,0.14471144776248784,0.5201163492399146,0.6021645528662963,0.6188429711350454,0.8246646269172633,0.7229978210631633,0.6397876613266236,0.44214185428788233,0.6153696777137021,0.4569113128008113
S007,T1,0.30801349137624817,0.14987746840767233,0.6041307788427164,0.5818538524295155,0.24429240897181093,0.2649114880338305,0.1221009106512121,0.4725169345878544,0.6480561461984917,0.24999464942543775,0.24789692694474708,0.11733127288364233,0.7046482143766626,0.6923694092668693,0.38003111708900666,0.8238713315299107,0.7134136168659615,0.6158928146793213,0.48015300623745316,0.6010261577172675,0.5420740529859605
S007,T2,0.3015841841382768,0.1332914080154686,0.5995984950640889,0.7512404328560248,0.3451100207124594,0.3239959373244297,0.13035136485147839,0.3894231478937571,0.8968069509940966,0.6036735311598344,0.3764070842949932,0.15229620064922994,0.6016545132626021,0.6648421820628142,0.3658340789895385,0.889965467998022,0.8130637588233864,0.6281048842104326,0.447987073265085,0.5406835390679017,0.3948630683765284
S008,T0,0.08897036232310263,0.0729198970390876,0.6340838862478988,0.6250000000000001,0.6250000000000001,0.10499920827390878,0.07460767932543969,0.5668159274441109,0.5692089420470093,0.5842591669065885,0.11412490917351671,0.08057900044329692,0.5835273245810717,0.6021645528662963,0.6188429711350454,0.7225978606444854,0.6488673975899291,0.7970512207238435,0.627921357806258,0.6834436764814493,0.6196953036743613
S008,T1,0.08564952323845687,0.06770613520033884,0.5423151984201735,0.35169236943942217,0.43358047177094167,0.09747872111906507,0.0673451426324518,0.44200627326755715,0.3731241379810897,0.4030801031783571,0.10442887254764932,0.07154928122404346,0.4200628681320058,0.2613960457112925,0.31400913416442217,0.616770569358325,0.6583673483513159,0.7365333086642464,0.6314124981991787,0.6529354065149813,0.6321904833288254
S008,T2,0.08605434691291142,0.06614105045867137,0.6702708176608811,0.6121604892940865,0.6365884638785126,0.10141547026533727,0.06655541294724085,0.49290964354826494,0.5824102150142556,0.6284859268772671,0.11624246094473538,0.07367084260290979,0.5960319882072853,0.8175386273096953,0.6193818504069971,0.6952139531518788,0.6404104048123587,0.7238074779862569,0.623714423905192,0.5670072171348259,0.6223701597093629
S009,T0,0.27426000153979607,0.5175045417849548,0.9021172170566101,0.6250000000000001,0.6250000000000001,0.3052582513281916,0.4117136247732671,1.0000000000000002,0.5692089420470093,0.5842591669065885,0.3073585667845389,0.7179138926904526,0.9671840605222464,0.6021645528662963,0.6188429711350454,0.7358835776217116,0.6041024325702098,0.7098015675719418,0.4204466165543743,0.6434541516326118,0.5174439298628719
S009,T1,0.2372480059371977,0.5038689516518198,0.8402334849554922,0.360891736958268,0.39984901282869545,0.251193334623739,0.41848008318986407,0.9295898746444708,0.11311594444793671,0.3322284751887048,0.2645901202663481,0.7296782490821163,0.9996291536975987,0.19642737964099094,0.5703217401739827,0.7133701527724243,0.5930077400106448,0.703531192505929,0.38833843609457575,0.6486422674932706,0.4902214300475216
S009,T2,0.2752007254671083,0.5003947858577134,0.9018800247129279,0.4963268489437104,1.0,0.3062948983330971,0.41550337063667125,0.7850984254455942,0.17876472876287142,0.8352186256037304,0.3082114840002938,0.7530518544713058,0.9117160756778757,0.225827063403435,0.4307317663223501,0.7445112744498983,0.6219724939708251,0.7395229851227618,0.4266266888243342,0.6625169466915024,0.5298329497229088
S010,T0,0.28796872440266885,0.3362959333436889,0.41820140273171,0.6250000000000001,0.6250000000000001,0.30856663659761846,0.33603948124259514,0.30959680541550694,0.5692089420470093,0.5842591669065885,0.3187787915133816,0.31416556570549947,0.28902819725048223,0.6021645528662963,0.6188429711350454,0.6242533772879908,0.7228235764120388,0.4929267444702614,0.6390112422697191,0.34302307283387856,0.5898122865653896
S010,T1,0.2999405689067271,0.32466326661306716,0.3007504019854004,0.2183253866565441,0.28176728750718943,0.3165203172536618,0.32982263202844975,0.24571754159268533,0.2781276325692185,0.38194616255904323,0.3078184982532682,0.3052958443482797,0.24589803527002552,0.048451041154084495,0.45550278724241317,0.6311071344488826,0.7657625966601656,0.578396097687832,0.6889155572190954,0.47062774658731876,0.6286761714571263
S010,T2,0.26004232010956013,0.299851658306021,0.4105491712769225,0.4181308634816886,0.34643240083337834,0.2872809327517952,0.31146058472926885,0.3047077799094686,0.18994251259992928,0.3633513906157969,0.3151094817710383,0.3021083301754605,0.37537974030953314,0.2060840240086263,0.47525335121066203,0.6473060697349236,0.7449191479635422,0.4518820733040323,0.6507188506005749,0.26813698535149144,0.5922295693511317
S011,T0,0.028952287120583328,0.04973269164883282,0.532675567830392,0.6250000000000001,0.6250000000000001,0.037315931151614724,0.056056578007380536,0.47781299015197143,0.5692089420470093,0.5842591669065885,0.03586634218644884,0.05240344346343211,0.5891849207701203,0.6021645528662963,0.6188429711350454,0.7839531503878459,0.9076813174175542,0.7091817163358436,0.8382255910459748,0.6386108636286774,0.7433486065293868
S011,T1,0.026836593740012817,0.04669038044369496,0.591860007019978,0.3808756453490511,0.517148460326322,0.03360978481009156,0.05111224581987342,0.4332936682063282,0.17029100968580796,0.27733059950265365,0.03012810989060608,0.0486125329434946,0.5323928121111277,0.10346642956090213,0.43457049181888696,0.7796158489762837,0.9026092977412872,0.69194311637279,0.8382862635154544,0.617510104297937,0.7436351645152495
S011,T2,0.02415566478488811,0.046440354634937904,0.6275981523753682,0.5455816416628424,0.3993838272203172,0.030279512009128463,0.05077577573528507,0.5614244912607262,0.2918395851745078,0.4045503047893415,0.02948677306343783,0.04902090328786919,0.5686329200504197,0.4735711021456117,0.5832303572423566,0.7598085381684094,0.9137060083098236,0.6748382786821036,0.8601465500529488,0.569849586626128,0.7567046870148602
S012,T0,0.05375698730931429,0.07032221971411119,0.8030511528589592,0.6250000000000001,0.6250000000000001,0.057106315921575494,0.06119596357949848,0.7073904551243988,0.5692089420470093,0.5842591669065885,0.06302961403480027,0.06792962091109055,0.6721131280228367,0.6021645528662963,0.6188429711350454,0.7930695834782024,0.6669717796488968,0.6798949769571166,0.5111255279520147,0.7016129695024236,0.6643192482438125
S012,T1,0.049930285133328416,0.06602502434522266,0.6429733984886818,0.7425807855415014,0.9107338494040151,0.05221601770905152,0.054885717899720465,0.6331825814338381,0.5737003632182404,0.5155290337380323,0.06646566852526256,0.06216525950037998,0.7364370267546856,0.5891598958008178,0.40947284707579984,0.7453179846191336,0.6603291466500958,0.6110338490184614,0.5177953575328826,0.6639461705354135,0.6821095515635269
S012,T2,0.049823826759390864,0.06795399859182855,0.7212444560873141,0.4723304629897287,0.5779767407165863,0.05520254518053596,0.05728988470258703,0.6594071324593733,0.5099655917598855,0.48122696638912743,0.06230753682314623,0.07013208898774514,0.6822545351363871,0.8015859266132593,0.8996282973725735,0.777506258391186,0.6313235213132122,0.7366155348796304,0.47178790797854864,0.7257598615356307,0.601847895323246
S013,T0,0.5057579136078172,0.8439597725734491,0.8801569353689436,0.6250000000000001,0.6250000000000001,0.5458556531659535,0.7693955548902255,0.6696759409846031,0.5692089420470093,0.5842591669065885,0.4070625886462108,0.846748283660461,0.8275834262480775,0.6021645528662963,0.6188429711350454,0.7428830656532526,0.4222619456536383,0.621832016301618,0.25397653594456865,0.5485055921970106,0.3298529619184356
S013,T1,0.36229983359091833,0.7996943064470812,0.8439865885826459,0.2629703636985334,0.3756351349029894,0.3816285631230249,0.7075532073755222,0.6286581553547779,0.18397034159742887,0.4781957046712404,0.31194877203101024,0.6803449088018888,0.7218469104283352,0.2789040762208549,0.0,0.7227720792601526,0.39426111051115753,0.6656315770409469,0.2590018613807788,0.6092770467234581,0.3318606532503354
S013,T2,0.2879500142406576,0.6714351874567622,0.8893488121307342,0.1466088118245299,0.0,0.303441267271095,0.661877614666701,0.6378567277472436,0.08600362840510456,0.09701575095250886,0.24732239153277563,0.7216309287580073,0.8157869365123105,0.08932454336914863,0.0,0.7074388995981662,0.39816963446218234,0.5678098842318857,0.24206539789354423,0.48954920110297473,0.3280118486454069
S014,T0,0.29235098856615493,0.14949388873803557,0.5642103958150029,0.6250000000000001,0.6250000000000001,0.2956731544773587,0.13522659962233508,0.3525128780266811,0.5692089420470093,0.5842591669065885,0.2931368569435577,0.14631405925464872,0.5141021496419564,0.6021645528662963,0.6188429711350454,0.8062933908985968,0.613872198398457,0.508595965512156,0.3570301794329188,0.40812125939432753,0.2724448403610932
S014,T1,0.29114632122447415,0.1441491177068253,0.7696703799201448,0.6483568600816522,0.4358714105069987,0.31911569137550777,0.1316177411867634,0.5463373690436386,0.5426471372760271,0.46731529087126106,0.3062045028698011,0.1446269173121115,0.6334211881537823,0.4616191228444174,0.6919600983408336,0.869468677951613,0.6071145636284008,0.7120686601878563,0.41741801761101904,0.6058496484380211,0.3697464858674042
S014,T2,0.316380588704445,0.15066526490249066,0.6956631053539171,0.7981856391508463,0.7943004838103918,0.33950887367603977,0.14470103421543587,0.39013994993406453,1.0000000000000002,0.8471113040745182,0.3141045676333415,0.15247481948063366,0.6549541198601732,1.0,0.880594612669805,0.8629782938108623,0.6330585146678971,0.6079974176552803,0.4302692378540751,0.5214570799409906,0.3591628481510556
S015,T0,0.47830017203307995,0.9336022186268882,0.6521807749500461,0.6250000000000001,0.6250000000000001,0.4417794133455351,0.8918916296510143,0.6163519147069958,0.5692089420470093,0.5842591669065885,0.47814499187392284,0.8840569611698489,0.711467812375906,0.6021645528662963,0.6188429711350454,0.7759063377306921,0.8620235076213953,0.5570451186153516,0.7074199295195948,0.4587914690282522,0.6652041595042006
S015,T1,0.4609192338966313,0.8084450847079631,0.6739703680575517,0.5715929164824384,0.6640870837478229,0.4382901223359392,0.7840483525284291,0.5562881962730843,0.657372584614802,0.5176466528835124,0.41972997718369465,0.7521742212133224,0.7307420188424048,0.43061884341643114,0.16400253878239596,0.8469661135513036,0.8773699403264756,0.641963833744582,0.7588952341251184,0.5395219950142531,0.6978978787433616
S015,T2,0.47455225201944434,0.8318772842535836,0.6477723403951587,0.292839213048924,0.23324572229746582,0.4571165409035975,0.7952444829942376,0.5395334776155083,0.4622800002404666,0.2909584827640942,0.48511608729101907,0.790371083419731,0.7169194168636568,0.29383825193085145,0.3104443237223133,0.8384364132040989,0.8895855183143724,0.598619034545133,0.7364230970026358,0.48632203657283557,0.6849040362194456
S016,T0,0.1311394468098971,0.13390949591573315,0.6275976890871136,0.6250000000000001,0.6250000000000001,0.14372864430219398,0.14584056663658712,0.6673947487253484,0.5692089420470093,0.5842591669065885,0.14826855919303128,0.157297823521028,0.6620705101950692,0.6021645528662963,0.6188429711350454,0.8005035824915483,0.678702512354199,0.768352291233467,0.5880906105367546,0.7389256444340493,0.6081175005873465
S016,T1,0.1350545762896861,0.11163437339884483,0.45001102216081934,0.9461873459689372,0.3850692027311172,0.14473737351514718,0.11990097935654602,0.5734919025303602,1.0000000000000002,0.3586383428373587,0.1470778771282063,0.1294539866417858,0.5642323132461795,1.0,0.3262153358049632,0.8733717894367417,0.7322823533761509,0.8825100874576469,0.6391086633445109,0.8230562747492878,0.6692388413278196
S016,T2,0.11269214035294983,0.11556227194053267,0.748483743569029,0.45326818033037963,0.32140591295528387,0.1251576067013078,0.12137131784035092,0.6995359232803418,0.4341991417737652,0.17062311919320278,0.12592375544516105,0.13288651690002373,0.7056101275450042,0.5612702976413685,0.194140159356943,0.8503106021186801,0.7153074781429207,0.8291083094455324,0.6132836481475281,0.7830560012562513,0.6410114601023198
S017,T0,0.5205723879154699,1.0000000000000002,0.9563155513367327,0.6250000000000001,0.6250000000000001,0.4953676494487894,0.48963902757085487,0.8953368781067395,0.5692089420470093,0.5842591669065885,0.6113118119241154,0.8374480504902497,0.8673168726670153,0.6021645528662963,0.6188429711350454,0.5527115943168392,0.3776047898478556,0.6118598440675495,0.23171970427475455,0.7249563095103513,0.39840459634812075
S017,T1,0.39976960205984907,1.0000000000000002,0.9083267123117156,0.23237300659160193,0.3757876707362459,0.38981618391103473,0.41758955925789426,0.863779563494208,0.2894819970427611,0.29740091277842756,0.4268978418314303,0.7286699322346745,0.8102116424870691,0.0,0.3277692172655892,0.4738211760035218,0.3726630168583651,0.5289396343065759,0.2320485296593708,0.7116159927825436,0.4303430473500075
S017,T2,0.41606426970378096,0.9178530293120784,0.964455621015472,0.37462854563258746,0.20396904060588233,0.39182342730963887,0.38933838010877925,0.8240360091029915,0.43701608702810646,0.0,0.4603140266098037,0.7274914124754023,0.8606606538967556,0.025208665387112195,0.019339361717043202,0.5299516888019888,0.3410389630789783,0.5790221342251172,0.22468183201573325,0.7153067705272775,0.4287702127003763
S018,T0,0.00954883556611735,0.01950571554477099,0.652901129829033,0.6250000000000001,0.6250000000000001,0.00953745844497521,0.020885498004238494,0.5940392924892739,0.5692089420470093,0.5842591669065885,0.01121604276076988,0.027243285236829198,0.6694228434394545,0.6021645528662963,0.6188429711350454,0.8952444574193328,0.7480759803783905,0.969975344602791,0.7539598182016625,0.9039066960102384,0.8212924099037757
S018,T1,0.00832098181444297,0.019839040809130754,0.6200586486083302,0.4388927077495561,0.9403879326945859,0.00858947771075467,0.021464741634960663,0.5846277871181114,0.44617634658345084,0.9553050670964803,0.009998303317384619,0.027524572729504624,0.6253359307158306,0.5492192993414737,0.7659690203868503,0.8933989125176138,0.7527509198566025,0.9591300533483456,0.7622879631578848,0.8901907564854914,0.8249995334592173
S018,T2,0.007633625691910482,0.01817672541038937,0.7436064834381149,0.5606650516429785,0.6426606481779447,0.007865937958756501,0.0190896247859902,0.6302506574192392,0.716409906687173,0.7096666266263316,0.00957069467856225,0.0252173230376499,0.6468655060317183,0.7060964132504128,0.5970996576182902,0.8435852766671157,0.7330665785512371,0.9163516375838949,0.7498919037030115,0.8914528572831926,0.8208598044668314
S019,T0,0.2366185921612737,0.3982228412948033,0.6352777084931489,0.6250000000000001,0.6250000000000001,0.1987135050911534,0.3853078125957091,0.5689991746737424,0.5692089420470093,0.5842591669065885,0.19359627548674863,0.39895145899439816,0.6795345404030291,0.6021645528662963,0.6188429711350454,0.631093909568903,0.6278198265298971,0.4260846242832206,0.4081209758618448,0.5056551151223405,0.4693089407083748
S019,T1,0.2434893958257598,0.3629132767584337,0.7158080235023392,0.3791682712154288,0.08433753517552867,0.2180473545921181,0.364236822781964,0.6261026068932696,0.6090607364290311,0.07616520334634547,0.1886099395791561,0.3594007250778377,0.6769772464450652,0.34412216421316016,0.4103964528785963,0.7061623903038559,0.599110379229898,0.5807339432996459,0.40699058325410237,0.6483339599536269,0.5002689651160235
S019,T2,0.2515921519792429,0.3238819289116396,0.6181747110925948,0.4280017764108479,0.21865224373613718,0.22495781211572816,0.3362718341800437,0.5308265221671697,0.852739386317256,0.23595751775348733,0.20609685447193515,0.35442001186589117,0.5999407025322858,1.0,0.6247546083654731,0.7436792008847013,0.6592822335214696,0.5509753033853956,0.43736714606582,0.5495363893812537,0.4693746083057928
S020,T0,0.011074646802762685,0.012680436584911161,0.3393417586227163,0.6250000000000001,0.6250000000000001,0.01120376545372711,0.013386687324068936,0.41728404271423725,0.5692089420470093,0.5842591669065885,0.00962608457761854,0.013490107049050248,0.45743372314427955,0.6021645528662963,0.6188429711350454,0.5628914303144785,0.5300422088800072,0.6186839647670022,0.4958852814232546,0.5327963270902547,0.3917209155608474
S020,T1,0.009816723857257239,0.010036638775778015,0.4551435891103879,0.9474379989019908,0.4961956100516217,0.011513360923446602,0.010779178523367596,0.46870941390883414,0.8517157498154555,0.0,0.009101406935757301,0.009205980158822156,0.4771358858253669,0.6666683005007599,0.33442948355443297,0.6153612768091385,0.5633020133821338,0.6908732316949486,0.5333710417915761,0.594078876600102,0.4243818260542547
S020,T2,0.009888491263670755,0.008722716255584947,0.397163688039587,0.44441044930465345,0.19317574622337758,0.01141057843907013,0.009273321951521002,0.3516235609735201,0.7141960015478359,0.21522011466866342,0.008667350027981708,0.00835399490368802,0.39646738426793715,0.903976188948755,0.486813667168819,0.6404278428425934,0.5362530853253049,0.6781163082202217,0.5305664283376128,0.5935333391518955,0.40018972084719784
S021,T0,0.09496311373487024,0.14973813442831543,0.28692099026374573,0.6250000000000001,0.6250000000000001,0.08647766081188,0.14076501044963974,0.37722757349589475,0.5692089420470093,0.5842591669065885,0.08575656282614545,0.13523780007950484,0.46668562847310047,0.6021645528662963,0.6188429711350454,0.982696142438864,0.9654256442478735,0.8165587428982947,0.7528952025321866,0.576945505554018,0.6109827260239069
S021,T1,0.08963932905381805,0.1416248865275244,0.2183226468878101,0.5995980303636866,0.5403769666311283,0.08116078744176593,0.1339049195974483,0.24148517313079254,0.6408531607303223,0.4829053706609119,0.07447113171029475,0.1191590494120701,0.24315645229263194,0.6292385856938159,0.39561760641389776,1.0,1.0,0.8431189721224249,0.8116822464644684,0.5982042009311956,0.6525885783540999
S021,T2,0.08009711022035862,0.13599608245265019,0.22943759744037262,0.5138866798355004,0.2944572281650176,0.0774428971692606,0.13338080612477063,0.2909171309600369,0.6719822834313737,0.24909842060740817,0.0735733503390961,0.13276605711602976,0.29006795893989423,0.7425520393482622,0.36062812732459515,0.9953613668617218,0.9635380037471564,0.8096230782003874,0.7867265421506229,0.5891540101414523,0.6410438740189426
S022,T0,0.20152231888582078,0.3457130618961119,0.44547730981383427,0.6250000000000001,0.6250000000000001,0.2354996300280279,0.3883876102781592,0.3646449116197661,0.5692089420470093,0.5842591669065885,0.2579330263966675,0.40117049633090685,0.3998097840742554,0.6021645528662963,0.6188429711350454,0.6356644627580257,0.4868185246057428,0.62630840405312,0.39293879224090983,0.5913707177324239,0.5191426196401638
S022,T1,0.20542165673604987,0.3426428033483725,0.44610738577346654,1.0,0.8037207879711844,0.24483185813147537,0.3937682562418957,0.4345608696330727,1.0000000000000002,0.49000857981274515,0.26769909457760077,0.4234144096131774,0.40788413690349334,1.0,0.3672295700855591,0.6701840989105499,0.5573866626158812,0.6802432262444148,0.4710396895642357,0.6316356912695051,0.5825053987028728
S022,T2,0.1947307547208884,0.33547784345645715,0.4913464586880869,0.5861513413198367,0.4281656536161081,0.2487163055811559,0.3926677872397412,0.4109069314517897,0.6627757625700946,0.5857180564804015,0.27923126077577787,0.42597736649690726,0.453911404849894,0.7430658533507043,0.6835938343526398,0.6877067355590665,0.6352188424348988,0.6772567809367024,0.512945984132095,0.6162124537695852,0.5970651430681786
S023,T0,0.6026339926462819,0.7835015340722499,0.6852189930075889,0.6250000000000001,0.6250000000000001,0.6122148514961364,0.7941597552413321,0.5576995779593812,0.5692089420470093,0.5842591669065885,0.6070376319685761,0.787565946683748,0.6684646572159194,0.6021645528662963,0.6188429711350454,0.8249495371123243,0.691742810836621,0.6497407748516109,0.47091912500535926,0.6058200165633085,0.44732854368986785
S023,T1,0.42920365691469664,0.5501991555408059,0.573574238580673,0.0,0.23622364894181674,0.4436806991187342,0.6137777546954224,0.465251394977082,0.0,0.39743306030393655,0.4239480777564503,0.6071836587780619,0.6832242276703859,0.0,0.2173874085614277,0.8801270644621635,0.6835066263093712,0.7397004974092141,0.4845598394710149,0.6782338872896609,0.5001837061658219
S023,T2,0.47974743464309094,0.5762267593063142,0.7531890047752801,0.04882144782363296,0.0,0.5665409568221828,0.6308690703384716,0.6994119925937199,0.14670105976162856,0.0,0.5902192379855243,0.6325852534203423,0.7053799604473208,0.26670227185806794,0.0,0.8854246790561868,0.7492395371546667,0.7365195000704002,0.5119811661555299,0.6760202307115724,0.47316527083855875
S024,T0,0.09849175854793782,0.3896580432817584,0.9616802061042229,0.6250000000000001,0.6250000000000001,0.12692672825168114,0.30381784491709396,0.8689121455145619,0.5692089420470093,0.5842591669065885,0.10889148651234373,0.3991465200895559,0.9232967263940974,0.6021645528662963,0.6188429711350454,0.49663988538107495,0.3134568698006974,0.5530791794437818,0.35753916349820264,0.5513178300641306,0.550775864772618
S024,T1,0.07780201637209852,0.3724554422739948,0.9587889002778942,0.7173529132514811,0.8467250279667495,0.09006312894896808,0.2799842020899748,0.8594539827397478,0.4373526107753891,0.7781548995951507,0.08415691997387045,0.3852036486755207,0.925727073215441,0.6781809113415297,0.7849254587339493,0.5275510034672186,0.38540730233332443,0.6108361644319629,0.4041300595694697,0.6166204395182266,0.6123475100095128
S024,T2,0.07986931749016987,0.3655536028358145,0.8767603340254708,0.11267638561989768,0.37858445697863674,0.09454878329983082,0.26993194686304545,0.8235305807002569,0.0,0.45845986708436937,0.0837996710376705,0.38525685126218395,0.8467984458280315,0.17365504168014395,0.8374173453223286,0.5543852814747026,0.36173589997394906,0.5871512432459719,0.37623341105003966,0.5788508291686445,0.5752852698159028
S025,T0,0.07348071676973764,0.07464853400992982,0.4181824740327018,0.6250000000000001,0.6250000000000001,0.07309346780606522,0.0733500140372882,0.49023652001518947,0.5692089420470093,0.5842591669065885,0.08974321928369171,0.09276270863535964,0.46579620419686174,0.6021645528662963,0.6188429711350454,0.8343319094687012,0.6561798197806457,0.7636347195160043,0.4772199532790229,0.5724608150835044,0.4856670517901249
S025,T1,0.05237706404866057,0.06456108748021573,0.4220762619209759,0.0,0.8977089547833942,0.05657165196273465,0.060045106181143254,0.4420784285225514,0.0,0.7581648217599919,0.06310270898364093,0.07447673632933365,0.45334455146857766,0.0,0.9999999999999998,0.8760723554154843,0.6844458245821434,0.8378690970418263,0.5011275617343197,0.682019503306472,0.5028553330352024
S025,T2,0.06507251495659747,0.06459380907787668,0.4361624694331989,0.13489693198044655,0.7486152206907374,0.07202220484898612,0.06255413231783818,0.37704168014461215,0.24404123240872683,0.7959187059694544,0.08575305285678579,0.07882788009896,0.45463432427964445,0.15877741827760417,0.7495357295501441,0.9509206357175459,0.7192002523705525,0.9054187499133466,0.5268000526721182,0.7029691314353079,0.5284513433449236
S026,T0,0.015381930111480282,0.030930750898220633,0.7485863057322104,0.6250000000000001,0.6250000000000001,0.019163498426848516,0.040818771100403634,0.7845998765921163,0.5692089420470093,0.5842591669065885,0.019240645849683956,0.0570370032945011,0.8194896481092533,0.6021645528662963,0.6188429711350454,0.8558316474232217,0.6946035370362276,0.7904236010792751,0.5310631334535386,0.6901646054924517,0.5147212119007201
S026,T1,0.014851934273170234,0.029752582271813408,0.8426275383894457,0.7691707769436458,0.7125211424316812,0.017682831763792685,0.03791145219710197,0.8878243936049215,0.7412581353782366,0.37974854224362153,0.017460205393306637,0.05450153219900361,1.0,0.8291820506764889,0.6813339281159863,0.8414983065081967,0.6730116780495656,0.7757474289130728,0.5510883243823747,0.6796468137059519,0.529205400364418
S026,T2,0.014469115718527388,0.02777299409811126,0.7832095411096704,0.5707218702609574,0.5590571787933527,0.017184368561502385,0.03574285665137843,0.7235179836965024,0.6645598018255532,0.356365451043332,0.018590219024629123,0.05727028688348782,0.5774605022309391,1.0,0.6402307697606991,0.8389705716619531,0.7411078175090142,0.741674803899017,0.5421049638126411,0.6550102562306903,0.5130563512944779
S027,T0,0.5352992373263167,0.29898782596267537,0.7978942158612152,0.6250000000000001,0.6250000000000001,0.45833525500052397,0.2537891074297145,0.8234546670449665,0.5692089420470093,0.5842591669065885,0.4382858151878241,0.3492463564147468,0.7839901544247434,0.6021645528662963,0.6188429711350454,0.6705475125631424,0.4161498984471237,0.5853428081756868,0.3155307837638415,0.4972245850953758,0.29145804794507246
S027,T1,0.28353085888626656,0.26921438342763,0.4953834680702678,0.17031196571365165,0.7531043159768297,0.24427050215638255,0.21494073928500218,0.8736087030760455,0.2820789718278073,0.7366222239780408,0.24310623747368712,0.3016480247461627,0.6788835351828917,0.23506453945016037,0.5011682056899714,0.5745122909446199,0.3788653424601409,0.5386232594664455,0.28508147544897167,0.38686112557360564,0.29956097522674685
S027,T2,0.34115925628672256,0.2461788359818933,0.5989469617461789,0.18872845108347952,0.3487768637392421,0.2767720568057935,0.20561929701669884,0.728952758623894,0.010762489190482616,0.0,0.28968328828711265,0.2928064260558152,0.5412011422800593,0.10327742834219361,0.37371115139159283,0.4766037935103975,0.38500779554505926,0.3370864971824029,0.2811013094190844,0.18199019423756058,0.23363309087106554
S028,T0,0.7394789198271237,0.3843219233192992,0.6695296587986115,0.6250000000000001,0.6250000000000001,0.7012284917654884,0.4316568501688709,0.3449206297553413,0.5692089420470093,0.5842591669065885,0.7046557131274608,0.3353192374145757,0.6747195913038178,0.6021645528662963,0.6188429711350454,0.3056583834271629,0.11740719307345993,0.27312275976309464,0.23276588441219262,0.32823931376228366,0.23408064765143577
S028,T1,0.625813051518733,0.34242313349021825,0.7657185497783452,0.29073179624991846,0.38508150288725007,0.6159551588962372,0.36276185189929755,0.36417824817602873,0.719815917650331,0.1155439534321604,0.603262252368612,0.306520488134052,0.6326252923769276,0.6070005127573554,0.5096917193919979,0.4641363984853284,0.20681520848489587,0.43502500620596185,0.3059341610488363,0.44834933458680526,0.297890541506184
S028,T2,0.6604130122267956,0.33183058298397017,0.6287268355835354,0.24690745805911202,0.1878321999772386,0.6800502635926495,0.3807715920564439,0.31136905940521076,0.44366033188462783,0.0,0.6208172261340836,0.30945213497594903,0.6441309817442882,0.3751220030110052,0.3500677391377948,0.49058000030139226,0.17919993048507932,0.40544011068793634,0.2777321085227414,0.38240756472627147,0.2446885871815172
S029,T0,0.08063325822627881,0.034970115102268176,0.47365738147363334,0.6250000000000001,0.6250000000000001,0.09988306635101503,0.035026209723898284,0.4233412849556255,0.5692089420470093,0.5842591669065885,0.10798939553670224,0.047692254008239454,0.4854906100913734,0.6021645528662963,0.6188429711350454,0.16321258076944156,0.3660124172629051,0.14635148300860668,0.27666606313808473,0.20909514861202028,0.3457540528652402
S029,T1,0.08199180371260484,0.034286938254207436,0.4647319672840551,0.0,0.1483589295751197,0.08715591957018862,0.030271216359371935,0.38257464967646015,0.0,0.0,0.08246460563575177,0.03589984384510385,0.4997750470440552,0.0,0.0,0.2877061796593534,0.3742978557360719,0.3056156734469937,0.3141058326476328,0.3852958547834102,0.39720384953658316
S029,T2,0.07555895763495418,0.031174406995371617,0.4507107231301326,0.0,0.03693017610078131,0.0927588917810116,0.03401104270330414,0.3314135628438182,0.21272192300455567,0.0,0.09399117006716344,0.048032329195885036,0.3971381680757835,0.18462554341848975,0.16560313413480698,0.33125672640837545,0.4716673824845774,0.22661811140339638,0.2789609721284028,0.23709959878445397,0.31587580568189677
S030,T0,0.025192912322697006,0.017438692246622034,0.23627798840887104,0.6250000000000001,0.6250000000000001,0.027243457239673377,0.014507152652080826,0.21554121672942195,0.5692089420470093,0.5842591669065885,0.026610094844136213,0.01648982795321843,0.21301152138356239,0.6021645528662963,0.6188429711350454,0.6575816734455866,0.7103610901733874,0.7326516037237749,0.7568456426746695,0.8647751685601135,0.8533833034527392
S030,T1,0.021698870751686496,0.016397336378919488,0.25731206925377625,0.3638718647544298,0.0057133080456456264,0.021809075644476178,0.014124645003970364,0.20575072205292178,0.5391957981138922,0.3459735646566797,0.021768405627047484,0.016110112345344225,0.2498041796305961,0.5619239323521334,0.2954506932467542,0.6564062579603085,0.7863686561499805,0.7184942483242366,0.7736549700406951,0.8515024445103854,0.792028151265413
S030,T2,0.022433043775658888,0.01785538777654212,0.20791851529358252,0.4582625748332917,0.6288890308836478,0.023681732052437697,0.01702167534275953,0.18873462528478235,0.43383148933632926,0.7952560106472153,0.024038910288813334,0.02202453431503881,0.24080461107861906,0.5621789607978316,0.8390443650086647,0.7253140405939251,0.6264040372224684,0.773443062667449,0.6560458214707685,0.8520972932985251,0.7803737104683406
S031,T0,0.5813568035041267,0.280884570505404,0.1744883335664984,0.6250000000000001,0.6250000000000001,0.6651187544051502,0.3139678815859224,0.0,0.5692089420470093,0.5842591669065885,0.5986648845401753,0.2582959239356707,0.0,0.6021645528662963,0.6188429711350454,0.7976311822496243,0.694323192794811,0.758941626880814,0.6159230806448148,0.7120794966529163,0.6789486822722526
S031,T1,0.5653607004533697,0.2736785086907663,0.3588047643431769,0.5538159957759567,0.5780488422737861,0.6265228477186677,0.3072828314223536,0.0,0.2843611515853851,0.4016949839783628,0.5361545942649572,0.2485556518505571,0.0,0.16027653758844712,0.2042272655223349,0.8262616833864334,0.6829826741975678,0.7993958643168422,0.6192955608664733,0.7512042314899967,0.6867822566181616
S031,T2,0.4470569050815719,0.25959360010659227,0.23750130078370146,0.29981444662137763,0.6960273292579356,0.56916068327543,0.2905260930461002,0.038910236105208496,0.2783269083236993,0.9999999999999999,0.5628578341303733,0.2355839522670303,0.12992441457614468,0.43726513659795585,0.9999999999999998,0.8186533433887313,0.7111746965748591,0.7535891306520037,0.6104357783760492,0.705823443139673,0.6661021070665298
S032,T0,0.18018622901302866,0.4177400314931587,0.7088496913976625,0.6250000000000001,0.6250000000000001,0.2163989640576857,0.5444230270897313,0.6437673745026529,0.5692089420470093,0.5842591669065885,0.20413547016333355,0.566127031420825,0.7593468376029606,0.6021645528662963,0.6188429711350454,0.0,0.0,0.18101989984299682,0.0,0.0,0.0
S032,T1,0.1493589869310826,0.3105008796165829,0.6887092249799731,0.07620789246409465,0.0,0.1766892288255069,0.37995583555348406,0.7607259028968343,0.33553209879227985,0.0,0.16925973970751698,0.41044806523422256,0.9004350795791476,0.5949371563726263,0.0,0.09267626637158521,0.0,0.3861963351885102,0.06422681392343516,0.1590847574789227,0.0
S032,T2,0.1277377094256278,0.2826242326597371,0.7733036452585422,0.26096212767391885,0.22466558859117214,0.18707346731538033,0.3882650502470815,0.721163973059979,0.6229043338607408,0.0,0.1778888289439191,0.4591294386512489,0.7964193385478457,0.6188012901057618,0.3662081117475377,0.25844840879261644,0.033397913839824156,0.4147887103253962,0.040929238282506865,0.13292322512151378,0.0
S033,T0,0.19253058441441523,0.2013496702808824,0.6227471599684871,0.6250000000000001,0.6250000000000001,0.0537942605406043,0.10505656582863047,0.5742399482963618,0.5692089420470093,0.5842591669065885,0.1268862313369767,0.1740406994354573,0.4084138315020134,0.6021645528662963,0.6188429711350454,0.29013036939927517,0.44065644781708735,0.0,0.18990109053082577,0.0,0.2657795518875412
S033,T1,0.1669541270958712,0.13882038261845966,0.5910191989065632,0.0,0.0,0.04557621948537407,0.08766835598328608,0.579430403767224,0.22534548824006134,0.0,0.06074466560014284,0.12212569892338486,0.5361505312213024,0.0,0.0,0.26484879486287305,0.45953429313814653,0.007048569921145165,0.2344801885587934,0.0,0.3471128548962914
S033,T2,0.07791524812786177,0.12541009777829076,0.39428692036458024,0.0,0.0,0.039903452579681864,0.0872001447713381,0.41688473518439806,0.1741408003947178,0.6031173566411808,0.10409663038125279,0.1309611930660641,0.42898038206714006,0.0,0.19008662935212584,0.23191666263851074,0.5118941283779925,0.0,0.24387196244239942,0.0,0.2895337665590463
S034,T0,0.10023954517753256,0.017566942347196513,0.0,0.6250000000000001,0.6250000000000001,0.07839292032287756,0.012119884718853516,0.20580369760725525,0.5692089420470093,0.5842591669065885,0.09462104274811195,0.015126063653363251,0.12664730294515714,0.6021645528662963,0.6188429711350454,0.17851822692043484,0.407068541887158,0.005337323449036674,0.2544639394057939,0.0,0.31588073394113625
S034,T1,0.06556808097091929,0.014607505067556259,0.06342024815824465,0.0,0.18589567041161786,0.04653060987073154,0.010775050416373024,0.24999507074122396,0.0,0.48175808360512595,0.04594993578679907,0.011958009773842086,0.11112173708829864,0.0,0.08074896996566083,0.2587217938075437,0.4677813414366878,0.13363352510671003,0.32063715569397994,0.019844570501758585,0.4017684068036106
S034,T2,0.05542405575135034,0.013290618185894727,0.311882317279115,0.0,0.05564133499020385,0.07165979047918768,0.011586198806535195,0.2025475244461281,0.0,0.2645420386220866,0.09372271364281502,0.013975466828416046,0.09437798435178046,0.0,0.18814016932598598,0.37742667516316875,0.4938888883209047,0.07921287781724795,0.2879141145101762,0.0,0.3239769090371959
S035,T0,0.11644606262227183,0.06171238147312699,0.298167745150582,0.6250000000000001,0.6250000000000001,0.09785637868840873,0.0636743845562782,0.3045010211012855,0.5692089420470093,0.5842591669065885,0.13428057441466554,0.07550431865549297,0.19516499632072026,0.6021645528662963,0.6188429711350454,0.0,0.19803189294987578,0.3239245293096784,0.42226485244753226,0.8173866147370803,0.8820690390599311
S035,T1,0.07852980796254633,0.04392931450572053,0.3330730518471883,0.0,0.09194607612890926,0.06959239410819187,0.04422969196818974,0.29995899890023714,0.011573707388968457,0.4112003094325213,0.08736910506183682,0.05189101634322446,0.2528946585644545,0.0,0.3397706459630218,0.14016347430561638,0.2264575234532633,0.4229081414957395,0.428547188739971,0.8678617433620999,0.8696784119194918
S035,T2,0.08210978299774513,0.041808743771334214,0.42236039260601177,0.13805603086605556,0.0,0.07406218766097973,0.04706682867429945,0.3982108213486344,0.6931392562004003,0.0,0.0981401733358448,0.057176175342167866,0.29173687949772265,0.5395183036287271,0.0,0.16313356532440793,0.2049121795191874,0.4070744751008894,0.43530689671031114,0.8469310513922141,0.8885358027742616
S036,T0,0.6157975797171155,0.9736353704673361,0.418478682728201,0.6250000000000001,0.6250000000000001,0.6189248478036654,0.9276070314884644,0.262045911398076,0.5692089420470093,0.5842591669065885,0.5750223331905807,0.8865867711201368,0.31314541386560224,0.6021645528662963,0.6188429711350454,0.8821330119157385,0.740238932538184,0.738949223672385,0.5548200833725542,0.7091023678863082,0.6118512983885633
S036,T1,0.6251952708431072,0.8396221145648215,0.3397554380858976,1.0,0.3904363364201747,0.646124744717178,0.8291520095484366,0.28591635865227194,1.0000000000000002,0.4231129237553322,0.5760957104477301,0.777490946679219,0.33138418642112266,1.0,0.4023238760704573,0.963564865929339,0.8068528393804315,0.8410022760699467,0.630592191247577,0.7566466708777193,0.6579139274594032
S036,T2,0.6815768516770403,0.8111329512134183,0.44404725741981377,0.5551231682906462,0.4399817608139556,0.707252642268791,0.8254916198121941,0.45599708343429746,0.5767548118532114,0.7575518334223603,0.6173888261686961,0.795100640831693,0.5413987904902073,0.441274937193867,0.8500783315094965,0.9527995026002296,0.7748741101551087,0.8416417955919439,0.6053451400149902,0.7710982792706316,0.6507435838607183
S037,T0,0.008666695516232647,0.03313405089649346,1.0,0.6250000000000001,0.6250000000000001,0.005859558835518133,0.02011099050976727,0.9013592524489098,0.5692089420470093,0.5842591669065885,0.00905793826626864,0.026144513762800154,0.8224376880665134,0.6021645528662963,0.6188429711350454,0.7503129875253836,0.588348182943617,0.9993189081584541,0.8626622184967132,0.9958259437708581,0.9980809601748213
S037,T1,0.008039438067014387,0.03398678194272054,0.8504543670902125,1.0,1.0,0.005051878193892913,0.02162031785036846,0.8538666883009405,0.6561734907248322,0.9999999999999999,0.008049121234604825,0.027989346834686953,0.8083044085486255,0.7203116810319853,0.9999999999999998,0.7522526995589853,0.5619291876101438,1.0,0.8437403342254213,0.9957026450490705,0.9984556219407721
S037,T2,0.007554545696587875,0.03157870312847309,0.8088871394096784,0.4270055115241892,0.77789730845172,0.0053471244014455105,0.02018900993801699,0.7495993548522943,0.37824281391835185,0.8516554951702197,0.008455873465920631,0.02635075251116167,0.7141560266894704,0.37521125282783907,0.8705299584069054,0.7468819784347229,0.5636634917391339,0.9987148551839065,0.8459720476193409,0.9952380451000049,0.998349248978023
S038,T0,0.17066587963405813,0.26374482544527234,0.5208709675760486,0.6250000000000001,0.6250000000000001,0.1708540089703771,0.21646945810713206,0.38857299439212745,0.5692089420470093,0.5842591669065885,0.13240815888255628,0.17754969053815756,0.5159260466328128,0.6021645528662963,0.6188429711350454,0.5466349214920823,0.45326511557400617,0.4168711008979856,0.3438611223705176,0.46258143782994776,0.4659648199478552
S038,T1,0.1764446516336665,0.26296257232067033,0.6792564765927034,0.83988444724385,0.7182241287355845,0.18533079952001,0.22391821614337587,0.5490551690171404,0.8411185568222757,0.8091737720211585,0.14097380129756198,0.1853577162760154,0.43808541098293685,0.6910377217955164,0.6058219404709788,0.5443209211511872,0.4394860738898132,0.437582561894451,0.34665861589057134,0.4706444829531984,0.47569118751764616
S038,T2,0.19391219004797616,0.2738168247290881,0.7395054440130515,0.8117201710508968,0.27343725524420065,0.200804009243738,0.22846017722970208,0.5820834868629374,0.7765114610274122,0.5553379418726683,0.15117217695234805,0.18505601551830966,0.5205242468630586,0.8503361755197093,0.8591874597546227,0.5615460358890543,0.45246979248069796,0.4556597858882867,0.36183188717025655,0.5191962246544515,0.4816444424130297
S039,T0,0.4616908367383602,0.5483302959645411,0.5598055297306519,0.6250000000000001,0.6250000000000001,0.515259541030855,0.6351556576801016,0.5113544992581129,0.5692089420470093,0.5842591669065885,0.5846970646897434,0.6665169237508365,0.6054832151884699,0.6021645528662963,0.6188429711350454,0.2910302289787017,0.1641708049053321,0.3601882259882003,0.21034095208448297,0.39484461285899597,0.35664346638387634
S039,T1,0.424960584942683,0.4446295289354574,0.5205323147965544,0.7688528606451652,0.7048401880306997,0.5599319941873175,0.552275262145151,0.5188272334654775,0.6556538601819746,0.35424189520293414,0.612101485656264,0.6256177782104311,0.5034882095869653,0.7751618120244824,0.6317167177653823,0.40369327671577815,0.23877293450705173,0.45739753618283563,0.24402603976997858,0.4590574555543714,0.3774959475950276
S039,T2,0.3810852418417275,0.49635724166223755,0.7104130337878236,0.6688597336670178,0.43385800112509504,0.487234873830109,0.5400159423927118,0.6077801405342107,0.7946830801944194,0.9956807787445608,0.550502267419694,0.6087920935092178,0.5616208932707121,0.6398725732141977,0.9999999999999998,0.34269451997344946,0.2454617964058583,0.44332222408729904,0.2574872842716623,0.43136021058791996,0.37478510089843386
S040,T0,0.08662938510345833,0.12508025967688408,0.6276338945377642,0.6250000000000001,0.6250000000000001,0.11271760871341284,0.17408794574766195,0.677816022604053,0.5692089420470093,0.5842591669065885,0.10151670308263115,0.14720745892689244,0.6553732744751171,0.6021645528662963,0.6188429711350454,0.0643613529862268,0.12314145022427347,0.4674137293355439,0.4721853868788394,0.0,0.10548571971626597
S040,T1,0.0865496188601668,0.12474820943936943,0.9207612540059076,1.0,1.0,0.1266031765960723,0.19624162013784682,0.731881244388229,0.8836824638552377,0.9999999999999999,0.10023577435601859,0.1414831094934675,0.6820779824713468,1.0,0.6892831255092705,0.0,0.04264397138777787,0.4694051428732673,0.497524748806386,0.0,0.0
S040,T2,0.08597987082275085,0.12635593622455663,0.7516937103586279,1.0,0.4651062449483417,0.110712487905075,0.17663857752394543,0.6702836383327271,0.9935305356004824,0.6374178179309236,0.09694902836555566,0.1500816504250085,0.7305607931751834,0.6826144576112056,0.4542824530303231,0.06550257750151678,0.18877318761090556,0.4387198778645758,0.5009295939331998,0.0,0.1554866855097411
S041,T0,0.014548442321498354,0.023009765642097144,0.43254019250019504,0.6250000000000001,0.6250000000000001,0.013545764886740896,0.02343933357223131,0.384957969072949,0.5692089420470093,0.5842591669065885,0.014164378439661188,0.023843011353958485,0.45296165600156346,0.6021645528662963,0.6188429711350454,0.7028395285806757,0.5463116417513716,0.6398609329646445,0.5230823781445912,0.7221478225246529,0.6773741377167122
S041,T1,0.014946928259278774,0.019543412860448733,0.4221943613035197,0.466417189022158,0.7662934432190414,0.013569470747032285,0.020800030055683937,0.39149627922167207,0.5354264252907472,0.7071177896665652,0.01321893571025693,0.020147117788879686,0.3694782839919688,0.5680064346283419,0.3521254125866253,0.7646354517549845,0.5701923911593139,0.714964891931688,0.5303089188724136,0.7637963796103509,0.6772638203224322
S041,T2,0.014594045806834675,0.020110700025025186,0.34026657677382666,0.7642409901014184,0.0,0.014429545920302012,0.022605581633598316,0.282830873188213,0.6270956661392593,0.0,0.014509436203930057,0.022842099950060212,0.2972587874555581,0.5941288211345871,0.005835024949058187,0.7391841487244319,0.5741571428190306,0.6852824768975612,0.5470148179905079,0.7517121746128497,0.6766854320196876
S042,T0,0.10499667768459703,0.07213013237065596,0.1328327236549527,0.6250000000000001,0.6250000000000001,0.11534503670320363,0.08109820488215885,0.3147529391392878,0.5692089420470093,0.5842591669065885,0.1096779973694594,0.09192510470202138,0.22236169961005325,0.6021645528662963,0.6188429711350454,0.4562504560696523,0.43645755684937426,0.5103345936317869,0.3830257006711525,0.5044268985387508,0.5308112400111755
S042,T1,0.12182693692180033,0.06985250011194749,0.2613541905186627,0.8430232363843952,0.1446558889849373,0.10668399423604587,0.05895747080353382,0.3871230360170499,0.43290939276227175,0.22257336465716354,0.09550173580724707,0.06330203148208763,0.32332154844335226,0.10758067934607896,0.0,0.5128535361230813,0.4566722149723439,0.5592570913307524,0.39853203340140864,0.573737106409888,0.5376441365400964
S042,T2,0.09113169185562994,0.05261675055304988,0.4234961358496614,0.37995694787917833,0.5171004398287429,0.10943968489767855,0.06392176498855984,0.34009761132988037,0.28653900892479883,0.62325688743473,0.11326232028256997,0.09032798958299362,0.2673751382459397,0.43674342975061464,0.6293082611010945,0.5507635172189178,0.4411903954299701,0.5679819301285126,0.37548013381783,0.5297134090742832,0.5295144674988981
S043,T0,0.2503694833585429,0.3969750144750092,0.6159108132729263,0.6250000000000001,0.6250000000000001,0.22907849270713632,0.4934855101000621,0.5544605328434649,0.5692089420470093,0.5842591669065885,0.2273052721710693,0.391753900849973,0.5689239223130065,0.6021645528662963,0.6188429711350454,0.2029403772059064,0.1390966511910714,0.29334032661757775,0.30937522019058916,0.4006376450356959,0.3568516623084623
S043,T1,0.23978443850537617,0.36733546225406216,0.638840448334068,0.6977688470860731,0.38608270286101165,0.21479504123528873,0.47047085982528425,0.5333234769884894,0.8737158489801055,0.8661694913404705,0.19995683867270914,0.3368078904536023,0.5444527156979864,1.0,0.7872372160330207,0.12483159923470066,0.124704491530228,0.3289838514956401,0.3532287707190828,0.5237409391207306,0.41424070470829455
S043,T2,0.2000102460054172,0.31648602713291846,0.5382770587770551,0.2625925606624717,0.5653859859371537,0.2192042469792315,0.46737052406284435,0.4477307344432093,0.4926615383842132,0.9850467591036132,0.2097927459981915,0.33920267947934074,0.41953855045364397,0.5314683877101474,0.7329591037213175,0.4516222128509819,0.18230576806262255,0.4282602649558147,0.363633217743131,0.35960197950815664,0.3387045967992056
S044,T0,0.9999999999999999,0.4695003439466291,0.7040715537140712,0.6250000000000001,0.6250000000000001,1.0,0.48396123131258045,0.5371147344188165,0.5692089420470093,0.5842591669065885,1.0,0.44204427749419656,0.5669186891296754,0.6021645528662963,0.6188429711350454,0.5944528606150787,0.4977024714609617,0.5459703365274662,0.36881297822557646,0.5459865830155355,0.4196965678582103
S044,T1,0.9999999999999999,0.4101940875589549,0.5706527306227438,0.7735132383453609,0.3077894259796118,1.0,0.4438406953885067,0.6516977949204039,0.7158056041023038,0.44190869026728485,1.0,0.4149003478833521,0.5465445766279866,0.31699315941521716,0.6009644763884056,0.706429736841043,0.5494305494499714,0.6962577720677079,0.40773092471656597,0.6765275287734125,0.45199991178459664
S044,T2,0.8746674311138796,0.354977640011658,0.7818474574088552,0.5239624110699063,0.45226897946148814,0.9544242637346473,0.42492463781765494,0.7473820900324495,0.5452279319038482,0.6000491299956021,1.0,0.40105475505270705,0.6898373855545057,0.392568590314752,0.8785979079498749,0.7350819475520411,0.5332508060578387,0.6680382800294223,0.4075494768376547,0.6183542793025045,0.4363640298836281
S045,T0,0.4472973773599478,0.6097225042273298,0.8101752155329649,0.6250000000000001,0.6250000000000001,0.4389373641764865,0.6126871749386643,0.6054966633731329,0.5692089420470093,0.5842591669065885,0.3439373273616164,0.51160430093935,0.8334082560004417,0.6021645528662963,0.6188429711350454,0.8061318494379468,0.521440228252035,0.692089376039284,0.3633353291107226,0.6411334427300126,0.3645408107324708
S045,T1,0.43428669665295117,0.5490067566111021,0.8678840299669757,0.8256735474281828,0.3295654062586199,0.40908255928672854,0.47713689221134,0.7145539807785231,0.8211300215426645,0.1571721688963728,0.3124902722781892,0.43294950343750244,0.9747780695521033,1.0,0.5173896425209398,0.7704176909125844,0.490149675217753,0.7369107563185978,0.35918459851466433,0.7214156698906466,0.4092394130341448
S045,T2,0.49425938960185495,0.5096804094137171,0.7476238208019357,0.864600448996687,0.05247501922674869,0.48986600590569584,0.43814302761194573,0.6064408015021208,0.8577786328297806,0.0,0.3701742317829862,0.4461101472529501,0.8665537273940727,0.9441910196952268,0.30858885778298545,0.8725196918369844,0.5147473021669042,0.760745234017657,0.3583323404040069,0.6885509386235269,0.3720620766402424
S046,T0,0.21115308452974546,0.2652476938611498,0.5631558671341983,0.6250000000000001,0.6250000000000001,0.2575051887853519,0.3817962369445782,0.5848405702855097,0.5692089420470093,0.5842591669065885,0.265554050601358,0.3518598666786041,0.6531251522153527,0.6021645528662963,0.6188429711350454,0.7153683130787087,0.670346250368338,0.841248346231618,0.6859877618706929,0.6783256364945305,0.5671035675498723
S046,T1,0.20170814402539072,0.25520903684522506,0.7056893270453839,0.6378945860209136,0.9107395281551539,0.24083392317496444,0.35706098799879643,0.7402354693891928,0.549245737945258,0.8349309192920842,0.2387284845610089,0.3217941555308236,0.7125163131160492,0.4326182737548515,0.680381695852923,0.719404939783133,0.6600411158768158,0.8622742994177515,0.6931504608785889,0.7217254407457061,0.5524970496882571
S046,T2,0.20057245269011495,0.25114716202469967,0.6055904321906487,0.4558476275722724,0.515478808718877,0.2432284028491354,0.358769767844697,0.5436923755719041,0.5282818500179143,0.3924734927686659,0.2465694840314323,0.3406650421559193,0.602704629352101,0.620761414306184,0.6830160487029289,0.7531125963313197,0.6494224283245573,0.8538869379979247,0.6659205845695002,0.7009324196194395,0.5571671284750941
S047,T0,0.04179635629103046,0.03631842680639698,0.17077044314299128,0.6250000000000001,0.6250000000000001,0.0427111237852453,0.03816944911666978,0.1871805245002114,0.5692089420470093,0.5842591669065885,0.03244397650607626,0.03116753305965263,0.1692791067360646,0.6021645528662963,0.6188429711350454,0.9648757836913475,0.9639523650643202,0.9587538192914862,0.981207253629298,0.8179070316849288,0.8348907998463138
S047,T1,0.04436422171811615,0.03642098353402123,0.14859608128893242,1.0,0.6888998137699669,0.046480907428599894,0.03835282970000022,0.19828638333773663,1.0000000000000002,0.7787321635281295,0.035640897288457776,0.03116620509583545,0.3367921337308759,1.0,0.8774565582988001,0.9540672806719446,0.9373053661648443,0.9713089788207148,0.9759781762611923,0.8361752836434115,0.8385566092429737
S047,T2,0.03556906050794607,0.033983591408241524,0.26148039538638224,0.554032946823105,1.0,0.03720673576615153,0.034141384001576625,0.27081388702090425,0.5140184858932151,0.9999999999999999,0.02913976447083193,0.028425943169084245,0.31095527207707296,0.5886645095971573,0.9999999999999998,0.9660267200894634,0.9792515589792168,0.9286762035334901,1.0,0.7899985738514435,0.8445765515287149
S048,T0,0.9999999999999999,0.887653662284763,0.3979126131430417,0.6250000000000001,0.6250000000000001,1.0,0.9999999999999999,0.39479197263990584,0.5692089420470093,0.5842591669065885,1.0,0.9041245717787155,0.34905986311021375,0.6021645528662963,0.6188429711350454,0.44735835335071017,0.4571790001935123,0.4683417570200764,0.5307195245558723,0.4519259347505362,0.565141522873249
S048,T1,0.9999999999999999,0.8322585858525554,0.4394880018023608,0.0,0.12075020138738624,1.0,0.9913964049513863,0.3120045054072569,0.0,0.0,1.0,0.7945256722729012,0.22890018931551737,0.0,0.08783810609881104,0.4630644543791318,0.4682469373505538,0.5129359761660023,0.561184506716458,0.5225075222727555,0.603403792575304
S048,T2,0.9999999999999999,0.7050467271701448,0.39002512582156323,0.0,0.2942549895641049,1.0,0.8657804028395241,0.4725772293806687,0.0,0.0,1.0,0.7493974537754684,0.46579118252624996,0.017922624545840926,0.05546458829645018,0.5770999448785361,0.5709744774936589,0.4918830356189825,0.5788807321413308,0.4413143993417301,0.5682131658658474
S049,T0,0.2165162826672152,1.0000000000000002,0.5286745242657396,0.6250000000000001,0.6250000000000001,0.20305896065172127,0.9999999999999999,0.5120673823472557,0.5692089420470093,0.5842591669065885,0.20822197739817738,0.7599151539531768,0.49994987790067325,0.6021645528662963,0.6188429711350454,0.5926661084957747,0.4007292310917461,0.4566791314328491,0.1531493769112966,0.33199496164270226,0.12953877522657753
S049,T1,0.2184098968809562,1.0000000000000002,0.4675398309516363,0.6755758320152153,0.942570222149528,0.21664640837348687,0.9999999999999999,0.3714275682185597,0.7655444602983222,0.9999999999999999,0.2127616801187071,0.6939725412741821,0.4364742669520063,0.6445809425414042,0.5409639760116407,0.6494087960941459,0.38259371708730083,0.5739219110449507,0.18414779365137035,0.4544534177613313,0.22024866545746558
S049,T2,0.20198626520959656,0.9211017966895995,0.49553879207995877,0.4974053254889853,0.0,0.18797644508384104,0.9999999999999999,0.29337437709990977,0.3831226741026955,0.2529569173172111,0.1828757452512168,0.7375271943445679,0.4495189966153499,0.3309336325634289,0.23420650492205486,0.6802445995139184,0.49623892044796514,0.5437373836223727,0.19895881249676434,0.37716212661527093,0.12138992954705496
S050,T0,0.05664785495823419,0.09116918047660767,0.5498958256547388,0.6250000000000001,0.6250000000000001,0.05679435468442712,0.0996919832310699,0.5815276946086931,0.5692089420470093,0.5842591669065885,0.05185294973903154,0.09868776766366827,0.5609492412505948,0.6021645528662963,0.6188429711350454,0.9046837555550733,0.9210383241147639,0.8431852459492013,0.7448652079046651,0.7550791214130477,0.6787412462193372
S050,T1,0.05737798714774908,0.09425225006898051,0.5912733931471263,0.8214306359457388,0.6984597970809593,0.056583341675910184,0.10587775859570063,0.5874664341555624,0.9319257777186114,0.7456328703176834,0.05035086168581048,0.10123921706517003,0.5853712793692838,1.0,0.669788472142557,0.9173920034513954,0.9461039022295079,0.8485534635346704,0.7870103463421484,0.7589261496228359,0.7010649664942759
S050,T2,0.056102943807886684,0.09001521745109049,0.6793341942394049,0.6338347543591688,0.8179008864550205,0.05778314170768336,0.10159531583433926,0.6107787148992374,0.5550046222178182,0.9999999999999999,0.05158589165340627,0.09970472160993979,0.5431181741857014,0.7286163566104146,0.9999999999999998,0.9267444457811378,0.91956538923476,0.8672119541577428,0.7619713957623229,0.7516618765701704,0.6835075355231985
S051,T0,0.0001544426002519075,0.000664161746385534,0.8247028503288583,0.6250000000000001,0.6250000000000001,0.0002121082136480228,0.0010935017807020457,0.7927119218093153,0.5692089420470093,0.5842591669065885,0.0002362534322283812,0.0010118576032148606,0.6624682456371986,0.6021645528662963,0.6188429711350454,0.6520361741159515,0.5687696461536829,0.6265302175113753,0.49593616377116145,0.6127548458081538,0.5883547345823863
S051,T1,0.0,2.405301974155432e-05,0.7507676420832032,0.5991911996656878,0.13296732910357095,0.0,0.0003453812799329931,0.5845472071475399,0.5649070277105034,0.0,0.0,0.0005875499513579184,0.6258866815654311,0.6978409563972029,0.0,0.6228539184430291,0.5849302980293365,0.5680502956883858,0.5414341990136551,0.5979983989629922,0.6212677229142076
S051,T2,0.00021930217865388704,0.0,0.7436520899202563,1.0,0.22200174381814125,0.0003250174189892213,0.0,0.6786910644540416,0.8546288413847565,0.0522538685693118,0.00013836960819693135,0.0,0.792351169690136,0.9654899233529413,0.23768288635042978,0.637453018157079,0.5899397827003332,0.5959463380875916,0.5236473242246508,0.5723002483367565,0.5739618368271162
S052,T0,0.9999999999999999,0.4602405108476941,0.46697286197393106,0.6250000000000001,0.6250000000000001,1.0,0.49825906031710315,0.32633928590229533,0.5692089420470093,0.5842591669065885,0.6793823908151184,0.35372898529463265,0.5006406784166435,0.6021645528662963,0.6188429711350454,0.3468488828559526,0.24787937341885913,0.36901540744362515,0.32197806516119126,0.40894051227488215,0.293860099655888
S052,T1,0.7428205617502074,0.4205993127927045,0.450576906004337,0.0,0.31543154974756843,0.7911770453153569,0.46572854602090713,0.4356578435422156,0.0,0.6348428151184314,0.4945742212731706,0.2927792162232551,0.47929929017658823,0.0,0.36711574880353326,0.32404854500206626,0.27957718091087735,0.37556278829009593,0.3755013352090401,0.4444696106096624,0.3478184451869125
S052,T2,0.6058358268877497,0.3737934690055564,0.47512572018876487,0.0,0.09786652952332353,0.7970393870498792,0.5148964160304689,0.3960688163202719,0.0,0.8468861688554232,0.5216268097555941,0.33456352491867886,0.4951967462864366,0.0,0.3481507082320353,0.45468392446973427,0.3650931998790039,0.4227213076775682,0.40137227378723117,0.33664807870998215,0.34567423782454176
S053,T0,0.3732050150230988,0.5273224137116794,0.34322928708492006,0.6250000000000001,0.6250000000000001,0.31500412797978145,0.4712699885333795,0.42699066971879507,0.5692089420470093,0.5842591669065885,0.26136885567805884,0.4634968372252541,0.5980027740446012,0.6021645528662963,0.6188429711350454,0.7575707602458117,0.8047485829831222,0.6608420934435794,0.6396408289807091,0.6067271279943496,0.6480590707096381
S053,T1,0.359676382680539,0.5231183393392443,0.4259251156234307,0.8362437737023884,0.6696148012774528,0.29283763745036223,0.4748277997408533,0.4628342546076154,0.6794639191908994,0.8214932692794255,0.24163813671612688,0.4437840266456235,0.5980545094568199,0.4341868827923879,0.5718396622833103,0.7886812962713357,0.8263442306043001,0.6787417473097438,0.6525410784034666,0.5908745649048497,0.654282233650106
S053,T2,0.3479917076166655,0.49779667434422886,0.4016280657873419,0.7542574729453001,0.5122801197270875,0.3025891696552141,0.4767546839711307,0.45403375330200535,0.7875750717196387,0.6180453323601852,0.25741332465110595,0.45303349778634755,0.6192638102488439,0.8101667593144318,0.6660164468641583,0.8524592370538393,0.87756869855047,0.843809408629146,0.730152719980397,0.7501515674881125,0.7016387129718213
S054,T0,0.9999999999999999,0.44860464727681776,0.15897114381113764,0.6250000000000001,0.6250000000000001,1.0,0.38211141827540096,0.2838823960621384,0.5692089420470093,0.5842591669065885,1.0,0.4690946386903316,0.09905120285481583,0.6021645528662963,0.6188429711350454,0.41816270558722457,0.5529435657098394,0.12147827466708508,0.24715973064736393,0.09337160249661902,0.2771360367043443
S054,T1,0.9814289012741686,0.3727020813306795,0.141596181217037,0.0,0.0,0.7018108401395736,0.31379468792335785,0.2585895052170075,0.0,0.0,1.0,0.3387961584294978,0.2848293916630862,0.0,0.0,0.48767052991404736,0.5737596376260661,0.1578478848806505,0.2691395864033269,0.05561680008782921,0.30929100967696654
S054,T2,0.9999999999999999,0.4094302351545739,0.35905205829491416,0.0,0.2070137957726746,1.0,0.3779825274476365,0.41279229172991827,0.1400913710703965,0.650664826013104,1.0,0.4605173701808394,0.2963098653143128,0.0,0.35127087501695314,0.3895962522992449,0.6292530059870955,0.16738796702009273,0.29953727987903106,0.17532982001379382,0.3056828822348622
S055,T0,0.013599900045486231,0.0051069929312144114,0.4429443861175606,0.6250000000000001,0.6250000000000001,0.014776582604185412,0.008501763670074658,0.35500181652467444,0.5692089420470093,0.5842591669065885,0.015373016672558425,0.007476040590056166,0.3934208813998663,0.6021645528662963,0.6188429711350454,0.8505222923196392,0.7661641033895552,0.6774853909361335,0.655629169797178,0.5381145651538686,0.5864349567546636
S055,T1,0.013311439441171784,0.003153214974806753,0.5170053026912835,0.4954422886013173,0.4883865086653121,0.014418802694267789,0.004898337765257632,0.45364762175254336,0.3591958212121937,0.2982575884077267,0.014680822702045262,0.004747350013802301,0.4236310936025163,0.4794325260360512,0.22493574237446262,0.8426614585926953,0.7496867573831307,0.794668890959143,0.6939368053139026,0.6847722088963459,0.6431491756649463
S055,T2,0.00984595374482988,0.002883226434077682,0.540754564623144,0.6203200054105809,0.4069250832359792,0.011682598515045042,0.005095390191577841,0.47481482061360714,0.5983269193586171,0.048250968740049305,0.013766058774375752,0.005682958156020881,0.48221370517289275,0.568454930630149,0.2216357314473567,0.8660658820880269,0.7842271434813783,0.6596761645241815,0.6729589231890857,0.5205404884416844,0.6168547430307818
S056,T0,0.9999999999999999,0.621038712640091,0.3372925600545975,0.6250000000000001,0.6250000000000001,1.0,0.5755241150291217,0.12748605732166007,0.5692089420470093,0.5842591669065885,1.0,0.5953194497704491,0.4232110989251263,0.6021645528662963,0.6188429711350454,0.8699581888425074,0.8386306955558365,0.6401833432713699,0.7116966383211317,0.5903447116951903,0.6996277709437293
S056,T1,0.9999999999999999,0.6156660903262011,0.3504781271113804,0.5860846638984297,0.8120421443239896,1.0,0.5720008948153391,0.25284246151191736,0.7565034720326342,0.9224596918000468,0.9794869331028649,0.5696956320456705,0.523240955122277,0.8304858773022253,0.8278252021066996,0.8743387798370668,0.8705799075248801,0.6995771735659876,0.7820671309665801,0.6692697652745934,0.7551996385542266
S056,T2,0.9999999999999999,0.5932892416406972,0.6986178448611073,0.8891034581039241,0.9705971270529354,1.0,0.5642265379030124,0.4760494765398364,0.6904648556155216,0.9915613005771524,1.0,0.5884553780478321,0.6541673544193722,0.5347431566068412,0.781828676417871,0.9214776199175985,0.8649995587827612,0.6854039478803878,0.7508240639472181,0.6089161514310981,0.7285451093349975
S057,T0,0.23011291285659558,0.43934122054836455,0.7903115618856085,0.6250000000000001,0.6250000000000001,0.24255348914635913,0.417078586154898,0.7251383736025256,0.5692089420470093,0.5842591669065885,0.21789246658236008,0.4225657785335162,0.8910010248876543,0.6021645528662963,0.6188429711350454,0.6108151797777046,0.36950299823565436,0.4560137083139234,0.23541538597722836,0.4282990244326974,0.21350330702466824
S057,T1,0.24714636599852977,0.43433350345905875,0.6426254187411191,0.37571958494533075,0.5596766733537166,0.2542240561454101,0.428011970435755,0.5484287971687267,0.3560500071221351,0.34644712971573954,0.22183761445229794,0.40040193241647853,0.680962073606149,0.41780410367621024,0.624862248973083,0.6597314006870245,0.3007440689780476,0.5038617623755566,0.24099882127051445,0.47615394574245773,0.22946332562168548
S057,T2,0.2408686514427581,0.4419314368739117,0.7017272915915356,0.9503393831979446,0.5352925491414671,0.2509008419570736,0.4573090608815136,0.6173491427079942,1.0000000000000002,0.5075379306708454,0.2346393678959109,0.4674636378078914,0.7893172620246924,1.0,0.9253497199468388,0.6526708829965351,0.35541504908767396,0.4102904333979476,0.2370011592287182,0.3621424757521703,0.18700012303686597
S058,T0,0.11724241251708223,0.3131290519341804,0.9230693200128033,0.6250000000000001,0.6250000000000001,0.11658530009983326,0.27628405437528764,0.9152043287294604,0.5692089420470093,0.5842591669065885,0.10945248859645644,0.31971769984332055,0.8477542460794334,0.6021645528662963,0.6188429711350454,0.872748946818652,0.8591776973856584,0.7457356429148352,0.677883623930371,0.6423521447433826,0.6743172829027628
S058,T1,0.10250837572427024,0.2980632364734775,0.8819886396734637,1.0,0.7233735063345001,0.1026529041174262,0.2701781283352329,0.8579217168820421,0.6590314727494729,0.7852039633509281,0.10369992316395,0.3279178947952869,0.8248685913766911,0.5262156965964946,0.8595726563907587,0.8778285621672239,0.8800760516384303,0.7802231261551691,0.7087985379181281,0.6948797241185507,0.7070490846742625
S058,T2,0.10037017272302812,0.2902834754850664,0.7890854616467682,0.8438385883673258,0.5491826038674129,0.10626360575149454,0.26068700144875295,0.7530019773703849,0.9377513948781955,0.7291737904403403,0.10894297079834188,0.31697884944442706,0.8468588587054504,1.0,0.9613121684269725,0.8711370540949697,0.8694034516502969,0.7547250315235327,0.6795541913219443,0.6630242403121889,0.6926606411213192
S059,T0,0.4789356594638978,0.5359938218971991,0.5289513172598883,0.6250000000000001,0.6250000000000001,0.3629518755637875,0.4180326411802054,0.5198031447791798,0.5692089420470093,0.5842591669065885,0.33293096691443747,0.3395992792876268,0.43946954718907794,0.6021645528662963,0.6188429711350454,0.5028529730781897,0.4067007426633611,0.49337740685155596,0.46539445152610204,0.6807814776362613,0.6804033618187957
S059,T1,0.4722645222072045,0.47737179899712945,0.4398616867730649,0.30026426901626335,0.5754304252718435,0.39271036617196137,0.4036740407447886,0.35679813439817365,0.5274422016984128,0.48623858123775515,0.35857837818602795,0.3420759239014179,0.3804027983340488,0.6379659285088077,0.551314331663424,0.5991878230545913,0.41880593456124204,0.5475114809711399,0.46111041960018984,0.6876227328805158,0.6702297321298345
S059,T2,0.4528314480227449,0.5201837636268886,0.48771910563330456,0.11506959627788282,0.12804442534225252,0.35830748166045995,0.4343483663728336,0.32647452350746975,0.11022567600374272,0.5329501963454513,0.32426734811629637,0.35233037312694604,0.269478107591572,0.08575332187000928,0.8224778562843632,0.5851083647583262,0.4839220251565022,0.5496882893319237,0.520546324104462,0.6760492150794972,0.7045026054406949
S060,T0,0.5203774046602917,0.46416392699196984,0.49659774592095784,0.6250000000000001,0.6250000000000001,0.4222723144509363,0.5171182883992842,0.6238973931067304,0.5692089420470093,0.5842591669065885,0.45504737002306705,0.45181319919980917,0.4300340207365465,0.6021645528662963,0.6188429711350454,0.04035235809834625,0.07810464497134817,0.06304697829196815,0.1524834057815953,0.0,0.1237164767826403
S060,T1,0.4833027230153344,0.4567412240083114,0.6135564727340501,0.42836029926848446,0.23229644783099196,0.39169550834529165,0.5116078000115335,0.6407208693974733,0.55835857369181,0.5065729351249906,0.3497947461331445,0.37581164991043897,0.48139208686586077,0.09121924876766208,0.30892017317229387,0.0,0.09911571009694808,0.06145801108639848,0.17183876423768119,0.0,0.15978935607283784
S060,T2,0.3663401693315748,0.40453497806494815,0.5821019721901994,0.0,0.623774018071,0.4595109972618651,0.5322071236832024,0.6184946755928511,0.26855043590322597,0.8903935312113708,0.4739421527250255,0.4377642564449402,0.47684045761537597,0.7043118584314455,0.8383151239387494,0.29219680442189633,0.28510606394034044,0.1620759914248151,0.23263038326134014,0.0,0.14875928011766681
S061,T0,0.7299055493519928,0.8052229775410537,0.48540782316390274,0.6250000000000001,0.6250000000000001,0.8130010030523177,0.8500712959050516,0.4620170537655848,0.5692089420470093,0.5842591669065885,0.9291482137968418,0.94448781938361,0.5451802627399815,0.6021645528662963,0.6188429711350454,0.806501509727255,0.8007752876135144,0.6567874478834023,0.6744107666191652,0.5896064206334581,0.7351677856376255
S061,T1,0.816511191502071,0.7628375473564679,0.5789134501706521,0.45269906506798074,0.47542001464131045,0.9117470605060239,0.8333746253358615,0.6094304307846612,0.4119015915489115,0.5466498957480255,0.9948225307017223,0.8992774286231704,0.5581090227088297,0.314670091624392,0.5162418445311424,0.8290582014211183,0.8005451042369855,0.7409233232360048,0.6990464956722088,0.7031396706690669,0.7486032418038386
S061,T2,0.7324461499548807,0.7708951947518747,0.6384405755066098,0.9357661220274368,0.20245386359383444,0.8153146868379362,0.8413934318026373,0.6175452754091719,0.8865480322660544,0.330388059054353,0.9237501803089793,0.9517727548453978,0.5584597117171199,0.8469452573910892,0.49446362744882405,0.8500634677626631,0.8025817169405502,0.6840178787516467,0.6719191739942444,0.6089756568732898,0.7387606615885107
S062,T0,0.10642771157801278,0.06060913757759405,0.5682894284969706,0.6250000000000001,0.6250000000000001,0.12426722093290665,0.06871582320777758,0.5554865932227868,0.5692089420470093,0.5842591669065885,0.12817615374488642,0.06731167639713737,0.530239260250533,0.6021645528662963,0.6188429711350454,0.13464634091027228,0.6787717255693069,0.10151185848139826,0.5575378225591153,0.12454116181892672,0.570925805176203
S062,T1,0.08355982131603032,0.05691618260902451,0.4245432117336525,0.0,0.0639557167033783,0.10203552218868174,0.0654675574019411,0.45196215385664495,0.0,0.21568094493218687,0.09982585299266283,0.06151040589864589,0.5340034361124573,0.0,0.19085612168477561,0.07400748306311855,0.6721324834928115,0.19937480982531014,0.5926388457048297,0.38280756411630845,0.6241351569726727
S062,T2,0.07235818872474414,0.052305631393125405,0.45844109016798207,0.0,0.3628406994666749,0.09193366633766363,0.06045550336134978,0.3357830319483479,0.0,0.360837301855592,0.10845893886764336,0.05901904077422623,0.4670649141049321,0.0,0.37628884860840695,0.21995823169590278,0.716076212046636,0.09893952628765995,0.5912172829457462,0.06466260919274491,0.5896534958311641
S063,T0,0.06768404946038581,0.19368501805367366,0.9463466213931726,0.6250000000000001,0.6250000000000001,0.06198414120715326,0.12867802099221706,0.7638324905364013,0.5692089420470093,0.5842591669065885,0.06619530005305396,0.17894943993635223,0.84581935537609,0.6021645528662963,0.6188429711350454,0.7434410836294365,0.44935436766026804,0.799545911615386,0.4718566342341105,0.7407192522190662,0.6467509258628932
S063,T1,0.06436193151602776,0.19580265879328176,0.888387877533555,0.7380149798205257,0.43098574002640566,0.05349004175271168,0.12112337188938398,0.8726595932003216,0.45573161259105266,0.36728528173188146,0.057921123812994135,0.17059163266080943,0.95938520723353,0.4754089203842373,0.41413032450378556,0.6340523983881643,0.4577689362549273,0.7239467633570797,0.4527560628941927,0.7100392368178596,0.6306553061267612
S063,T2,0.07603501196402113,0.20967757536173773,0.8702564648301374,0.616101171644754,0.7489104333930983,0.05756256242855315,0.1259194053443265,1.0000000000000002,0.1613698611219217,0.8340360930416277,0.061486176217003474,0.1806739078703077,0.908093383541051,0.2485373431662971,0.922550628981222,0.45023661157974404,0.36709839427862856,0.6588044451878492,0.41483519616250675,0.7349827919558154,0.6406821657154749
S064,T0,0.016970045325237968,0.0199308499015622,0.5737449990524777,0.6250000000000001,0.6250000000000001,0.020023030522289306,0.02148654325477621,0.633560948123532,0.5692089420470093,0.5842591669065885,0.01753720613826742,0.020372365628364003,0.7629786328495403,0.6021645528662963,0.6188429711350454,0.7093684021173541,0.5790929100260289,0.6797777243446501,0.5410841068423954,0.5984334884296936,0.571370190709426
S064,T1,0.01568793577494343,0.018298692000097188,0.5569491508150375,0.9872313153128587,0.37288245384102225,0.017078087465608606,0.019754245477941128,0.5128430786541109,0.9277466554167231,0.2782919365674674,0.016183818058079228,0.018543369557973356,0.6885365243047403,0.719545958012827,0.3139914185268233,0.7420147215263406,0.6065544946622365,0.7633096914896147,0.5815964267223929,0.6563210053552617,0.5935273346481933
S064,T2,0.016892583392139882,0.01743306913471448,0.6103289622501613,0.370056596933314,0.2965979685920869,0.020096662981300258,0.019290751382265693,0.38376499743499215,0.2646456250756035,0.0,0.018190908822070317,0.019258016311219157,0.4865421040066815,0.4034518574603974,0.2107062307530959,0.771983969540232,0.6225035375069319,0.7317072511015845,0.5650109434472033,0.5967412630999014,0.5723608038605466
S065,T0,0.35404491831214113,0.27617874239643503,0.44517832765012844,0.6250000000000001,0.6250000000000001,0.42674451343956665,0.2956702967456423,0.43594842364953634,0.5692089420470093,0.5842591669065885,0.3863693645989293,0.2944745019241835,0.5278883842056539,0.6021645528662963,0.6188429711350454,0.8196198556962571,0.8120364408316698,0.6731485634385895,0.6212090745239617,0.5244279830643777,0.5147657713498714
S065,T1,0.33281771647570413,0.27008955611112107,0.4890814437802231,0.28643527930867296,0.3174996874261513,0.36363138604833484,0.28630232488432417,0.4765163625793707,0.12450052608531986,0.37277687394412184,0.3174158317254558,0.28322679238232235,0.5484800584203404,0.22571252368712114,0.039562384633122005,0.8184012093145865,0.8094976421325786,0.6827414043215503,0.6521391619531024,0.5436083022282805,0.537644836636711
S065,T2,0.32209034440783707,0.24799884605929953,0.39439539107667065,0.568231861395631,0.42844832094935603,0.3968613758679067,0.2707414752624493,0.3218267799506078,0.6387418457806116,0.45051925907057866,0.3500061442180063,0.26877174762209993,0.4915141378775367,0.37440540753342755,0.16527663956575495,0.8395611883413403,0.8119541620515032,0.690844252756489,0.6027816955855281,0.5135872385144788,0.5032187500673462
S066,T0,0.19888910590532502,0.1383704572281684,0.31268183884697387,0.6250000000000001,0.6250000000000001,0.1630657689872215,0.15288622342265967,0.31949109538834897,0.5692089420470093,0.5842591669065885,0.14757141026863174,0.11080424044509113,0.26626218737370944,0.6021645528662963,0.6188429711350454,0.5699790503407023,0.6729195432423662,0.4938476566472122,0.51225750871347,0.47720001664708867,0.44660585613968706
S066,T1,0.22512260638453932,0.1597858283067948,0.19790731589552424,0.35007944351314896,0.16622496935483716,0.19908702376177612,0.18442963161187706,0.3459413007210017,0.510822187592086,0.0,0.18173111567018374,0.12250344613270008,0.3761791062749611,1.0,0.29309227664109566,0.5268383281762881,0.6265823488973137,0.5159796195289452,0.49449190402387133,0.4884239690667409,0.44141346052911345
S066,T2,0.21714976111126227,0.17698736847133306,0.3318232194823352,1.0,0.9008472308054333,0.1753594054163068,0.18815008367703018,0.3625821601609658,1.0000000000000002,0.7506803611407213,0.19815816627227567,0.13493576771021332,0.2265305044988124,1.0,0.0,0.5322807225529869,0.656156170358777,0.39244408383081053,0.4730356328299591,0.36993044396121144,0.4055186826352848
S067,T0,0.009017652731220703,0.039968494617288304,0.9023172399878967,0.6250000000000001,0.6250000000000001,0.005217616015143454,0.017389148969950894,0.7381287082915233,0.5692089420470093,0.5842591669065885,0.009787058763924338,0.042153085446898664,0.48031702663320175,0.6021645528662963,0.6188429711350454,0.3540895149682326,0.2651688380613295,0.30574399329277324,0.2300865248824803,0.27581393575587776,0.37373044351383067
S067,T1,0.010631725079176686,0.050932055911333506,0.8739281879833554,0.9266073896664552,1.0,0.004457494068971819,0.019209142509893844,0.6362554663880193,0.5543408307083431,0.9999999999999999,0.008828977730154945,0.04546251708981205,0.5472162176163928,0.7927180012717847,0.9999999999999998,0.06641344991836262,0.163335353765501,0.21992138392753313,0.1806615887431386,0.29446176460534823,0.36609753663259037
S067,T2,0.007637920483118864,0.04049388914707657,0.8153441852177652,0.4764292108331537,0.8474448174447577,0.004610008270751722,0.01882079975022806,0.760125112446751,0.4760236127691531,0.8769409255555725,0.008418278353669317,0.045210682860809044,0.7846115258572803,0.2042533762701968,0.2925174955264462,0.4093541231115363,0.33118813228963573,0.27984607442910026,0.28279844184305486,0.26276619646510646,0.4035371964347909
S068,T0,0.27223644598481656,0.3563946662640396,0.4890377605123688,0.6250000000000001,0.6250000000000001,0.2441485296267525,0.34826107371868437,0.4204028558969721,0.5692089420470093,0.5842591669065885,0.21749707232820353,0.27786315505656517,0.672604633233598,0.6021645528662963,0.6188429711350454,0.4198781418361639,0.415359172344653,0.41519378177392074,0.46259990958954855,0.43838584825645577,0.4315149598820547
S068,T1,0.28480822636646913,0.33616136378951983,0.3686551920635728,0.3753714543674127,0.41230673347873614,0.2549044174372039,0.3093195948767395,0.4030754594583279,0.3162196771312379,0.0,0.220860958937521,0.27618534422607166,0.5769850968198336,0.0675732472686833,0.28751544674662977,0.39970590948075224,0.48865803033733846,0.41628602828316785,0.520418603666299,0.4622355659214956,0.5183101960703254
S068,T2,0.2844978171116717,0.33397555523260264,0.5436613067458327,0.7656714924525039,0.2108762581311508,0.27381119785420305,0.31606183357867823,0.49898283280981315,0.7588825258976384,0.12658826103233256,0.227707375002833,0.2757228372731529,0.6379974404405004,0.7401135035865503,0.44198739172374574,0.4677359510958312,0.5025014704784894,0.4815864953361857,0.5298468178238673,0.5136430792353157,0.4731044795471766
S069,T0,0.1371733786484813,0.2271030695102364,0.8963172327945657,0.6250000000000001,0.6250000000000001,0.12112936102007357,0.1639993005089122,0.7012275729355553,0.5692089420470093,0.5842591669065885,0.13866200424182248,0.1991277487102441,0.7707253893243908,0.6021645528662963,0.6188429711350454,0.2780784255723123,0.1522999302015665,0.21735327713395558,0.11088475357006228,0.301011918361779,0.16378262261706045
S069,T1,0.1378348168771918,0.18695235044293712,0.7829054168101581,0.0,0.0,0.11436374811961514,0.14098300981045547,0.7107268627435044,0.42988152559600823,0.2449866070069744,0.1312482924964335,0.1631627965091836,0.7767788054798752,0.019641642468270715,0.2604239511925008,0.30834707242852444,0.26347787651982624,0.18552732812858586,0.20073706460058588,0.24017887485811018,0.28980346546464353
S069,T2,0.12433718136657465,0.1894721908099057,0.9481340233518649,0.3943486749147246,0.21840397073678597,0.11125616047778529,0.14998484340926266,0.7431164178583787,0.5441175184683457,0.52713563324532,0.13252650201143099,0.17757865517270738,0.699753500600844,0.5274238037208282,0.40967845049290985,0.46350022048661366,0.24794344436137283,0.34146466445844387,0.18694677607254478,0.35513168247759563,0.26899171346330875
S070,T0,0.499766686581063,0.5123268234488656,0.11649413912135786,0.6250000000000001,0.6250000000000001,0.504855187180702,0.4331164482303056,0.1041405668672799,0.5692089420470093,0.5842591669065885,0.4436373721809409,0.40550334478725536,0.07069761955387399,0.6021645528662963,0.6188429711350454,0.7727949086062833,0.8481310923570997,0.768012431228895,0.8269122261969857,0.7478432834478252,0.7502239492830745
S070,T1,0.5169703088739269,0.5019742096941235,0.07298706051730908,0.8103730885161672,0.6652849350603651,0.5387335346527705,0.42612298977905394,0.12722165174561284,0.6637613443692496,0.6267431125652698,0.46643410288818554,0.3798371167340333,0.047738353850619974,0.6542306147594774,0.3835427319796346,0.7867714902627763,0.8538695410670936,0.8182347066009568,0.8685392889208149,0.7894389470140313,0.7892615502075548
S070,T2,0.5779433704509518,0.5008362722554027,0.07632171293824452,0.27997728348699424,0.0,0.5840308601604893,0.43337125125560877,0.06882443909830105,0.15615059529924735,0.0,0.5067657032037619,0.3950634185529194,0.0961018977056678,0.120885892771116,0.0,0.8759750834741733,0.9067380575932646,0.8471340622883106,0.8843036038361803,0.7612025797914972,0.7724780968352434
S071,T0,0.28362690494361303,0.3191518411883222,0.3144027562094691,0.6250000000000001,0.6250000000000001,0.2779626180573113,0.31632463740776784,0.36085017541054354,0.5692089420470093,0.5842591669065885,0.28352014541299153,0.31681155077932527,0.3224063214185229,0.6021645528662963,0.6188429711350454,0.48103534537657655,0.5791899649530348,0.5101202390259104,0.6074422132489322,0.3673027448844377,0.5548033748255492
S071,T1,0.30230317279609553,0.3387259737808947,0.18125073907251443,0.5787169490293321,0.5863034220845194,0.29592960439142835,0.3278512617087674,0.20588780227746328,0.7997713566820029,0.7199120870088,0.271027328627887,0.3036719418479711,0.22930012074769057,0.6439963671392418,0.25676385692056897,0.4396009650499797,0.6220720918217624,0.5229361829895611,0.6635569977806757,0.5453647658354677,0.630789079637855
S071,T2,0.2729485137414507,0.30831125350469596,0.2955935445918545,1.0,0.6545723731992025,0.2654538196513248,0.30372520706684175,0.3289725191775077,0.9096247168458632,0.8686383854579227,0.2681908976959255,0.30807650663280267,0.3084160073238933,0.7632904413065964,0.8838720541367551,0.6324891353176227,0.6624599416093686,0.5285807065564688,0.6658447873955715,0.36027783795836577,0.562758788504903
S072,T0,0.013024175731612238,0.0062041329554466266,0.8592655849226736,0.6250000000000001,0.6250000000000001,0.006277198259360543,0.004791372261022561,0.8095064142856254,0.5692089420470093,0.5842591669065885,0.028288069179246002,0.01073829374592555,0.8333604743061489,0.6021645528662963,0.6188429711350454,0.0,0.5373073580233911,0.0,0.27680466594651193,0.16654129660461092,0.3453238963666274
S072,T1,0.011271570185872567,0.005702344584088598,0.7225621934217084,0.0,0.26246998725527537,0.004107824262344607,0.004116144010006551,0.7588991464096413,0.0,0.4287397292980587,0.008089315143052497,0.006243872617527488,0.810144625871732,0.0,0.0,0.21132609728132667,0.5894182013221971,0.14642138437050037,0.3833982154303022,0.24736287566951565,0.48023220523463817
S072,T2,0.007279262703438127,0.004549507894487609,0.6356165535712739,0.0,0.22344699785843875,0.005749522550110721,0.00449882086777702,0.6602799215389183,0.5720457975348282,0.33981691229864897,0.029670431798191264,0.01149299023609943,0.5125491263214448,0.19262501086037787,0.10768419738170698,0.08893273685267378,0.6088304301125875,0.07995545949241448,0.3047740590393835,0.25564416544057367,0.35816859563740366
S073,T0,0.027892696441717102,0.03752775564548095,0.4555426788462744,0.6250000000000001,0.6250000000000001,0.02635755353279883,0.036033610263980616,0.4763010410076616,0.5692089420470093,0.5842591669065885,0.024043856935564743,0.03881042382684189,0.6900251648653322,0.6021645528662963,0.6188429711350454,0.901006857879084,0.7063202180259589,0.7554982055458763,0.43854852694649776,0.6774768286567681,0.4260591500545564
S073,T1,0.033029100338652286,0.03617715395593183,0.42182814273695146,0.9828010294459959,0.21981276164938107,0.02988684078541922,0.03308724479743784,0.4022639434435735,0.837759228477941,0.2250048225704246,0.02566267699894475,0.03563220562330778,0.6282883379232274,1.0,0.2891163771372382,0.9311650627852452,0.801878519533082,0.8019379703204512,0.5917501205838734,0.7304746049423139,0.5588197233346215
S073,T2,0.02944469051330497,0.03400704206776222,0.585150572397501,0.30218667328831067,0.2709950567374945,0.028164502976896606,0.03330061876038569,0.565963212337411,0.3281237545163991,0.39486023828228917,0.026459809579084396,0.03649659767352011,0.7037648447443268,0.3748779969889947,0.5528692565121266,0.910685993894474,0.8040132305223664,0.7972581272528018,0.5630169593661755,0.7066917455364581,0.49904416881812197
S074,T0,0.040646839180619454,0.0899038545595193,0.554662324291961,0.6250000000000001,0.6250000000000001,0.04930851050691051,0.1360489342417371,0.4413402843282177,0.5692089420470093,0.5842591669065885,0.045616025072599174,0.09034166707756464,0.4102380416908016,0.6021645528662963,0.6188429711350454,0.6722280708957471,0.6888403557635929,0.4789719609529437,0.6011752649371169,0.41642462432676597,0.5845550399080925
S074,T1,0.029211770172419244,0.07796849359430602,0.5410374259199864,0.20398306332202626,0.3743648650970108,0.03654440425308817,0.118445352847436,0.4583145374392863,0.0796809145846824,0.15670191538895145,0.032353525561489294,0.08077122510466048,0.3768863931231219,0.2883160791625275,0.4203587709494065,0.7165862001687455,0.6832533194835524,0.5509683081189258,0.5842897581209797,0.464119542016191,0.5938854996498144
S074,T2,0.03233790328758164,0.07671634863907678,0.7166544632918843,0.32721907793454535,0.31093382530413843,0.04014823645310874,0.11561824400749664,0.5188677932713408,0.20319666576099593,0.06115449502509229,0.03938228647807717,0.0855904139342712,0.19942805221533022,0.20953067491359167,0.3132838894087487,0.7212920527332518,0.69401524311965,0.5445871643133202,0.5900553143471681,0.45990881214047197,0.5793722281807783
S075,T0,0.9999999999999999,0.7550849333750689,0.9058595601650099,0.6250000000000001,0.6250000000000001,1.0,0.6574116268902439,0.4838056406235445,0.5692089420470093,0.5842591669065885,1.0,0.5746531782703217,0.6920399561523067,0.6021645528662963,0.6188429711350454,0.3013534798693942,0.3164260642679937,0.3455820508392425,0.4370661670074219,0.3289219091182112,0.46998931599449345
S075,T1,0.9246191302593667,0.7324604457463327,0.8360607583867887,0.3657195074997193,0.7000695058492211,1.0,0.6295500290450015,0.6056658606949137,0.15566153597718863,0.7768537990609963,0.8641665494527194,0.5523864987770828,0.7819505347093949,0.3418756238371766,0.5774134798779834,0.2611600257639133,0.3571021040203217,0.3781300473968894,0.4476059648606102,0.3887935143847694,0.49938501487884124
S075,T2,0.9999999999999999,0.7382366353633761,0.8510959176580659,0.7901886599831469,0.6649320082471765,1.0,0.6952479152935521,0.44937660604019625,0.9738635300207316,0.401284980419523,1.0,0.6156203960732565,0.7043959994201998,0.8126295384869053,0.739911274360433,0.44844413831177743,0.40470377921762224,0.507773367399348,0.5259955847618436,0.41467098956119264,0.542107818881217
S076,T0,0.02338621466901236,0.06071716367031864,0.8189729905783536,0.6250000000000001,0.6250000000000001,0.02264851648835952,0.05468975471086125,0.872951050461032,0.5692089420470093,0.5842591669065885,0.027787886585850404,0.07125208951448102,0.826576687900618,0.6021645528662963,0.6188429711350454,0.9770908451728966,0.9172292293659638,0.9748217766955452,0.728183828188474,0.8699821561885352,0.7444034146827767
S076,T1,0.0159906990540596,0.06774829383678783,0.7606485305128392,0.08019170870574743,0.9017650798987007,0.014300445546136126,0.05736968076121558,0.7468339313165411,0.02877024604569689,0.6675367614892507,0.018540644551727953,0.07534688683495563,0.6810706155864599,0.11282777082408563,0.6749175255800202,0.9494730124245907,0.8784757555073632,0.9133025657567397,0.675402203889436,0.8324662691541589,0.714839926324728
S076,T2,0.01983452492863275,0.06166832204739223,0.8630573745827856,0.053549541584907545,1.0,0.019613239107759653,0.05525199489205482,0.8778546399188174,0.010586524027747513,0.9857687324796812,0.025210684010265758,0.0732080438646222,0.880295630238499,0.030157983914265607,0.6251377510269167,0.9874302512786466,0.9179032288945432,0.9696968664502363,0.7078461701297574,0.866104875578092,0.7297129485528064
S077,T0,0.4914538763196656,0.4626341066449648,0.19885195142193068,0.6250000000000001,0.6250000000000001,0.5260026861995228,0.5022010763045495,0.24029075251092635,0.5692089420470093,0.5842591669065885,0.5379416427899779,0.5030605036289792,0.3213901274116431,0.6021645528662963,0.6188429711350454,0.6444368027107927,0.6560207076275388,0.48251487933021076,0.5633194509141218,0.24249267265034757,0.5125647671601281
S077,T1,0.44389947667781315,0.4374223077450789,0.2394141490763746,0.4207927900081858,0.64452385364737,0.5093475028550772,0.49645448810831044,0.2357810208171427,0.6028761231785351,0.5586398503842845,0.49661106410492095,0.4888677046301598,0.29883957444457265,0.3061886151205665,0.5376274597852493,0.6651647900444051,0.6711284161812603,0.6135052673263067,0.5652828973024517,0.42985355143649073,0.508341600903877
S077,T2,0.4033973670987527,0.4268950115495232,0.2135992009629255,0.6106192086152242,1.0,0.47302640648970623,0.46953141455161335,0.29796599469132246,0.2607953623781973,0.8595621615371706,0.4802881595651742,0.446639648956249,0.15279571449274365,0.007773073371284744,0.603513601143422,0.690940523568893,0.6850798612828191,0.585266683272742,0.5941542102862379,0.3468221697336811,0.5312173930714346
S078,T0,0.1520267048000126,0.07610972646796382,0.6433170139713766,0.6250000000000001,0.6250000000000001,0.20104131808764658,0.07326826036685533,0.5441574484452685,0.5692089420470093,0.5842591669065885,0.22085677682267332,0.07249968388723153,0.5568945487183792,0.6021645528662963,0.6188429711350454,0.805245316412537,0.4935632150224849,0.8206971496431847,0.4858254680234668,0.7060712494108188,0.5259159840800645
S078,T1,0.13672489293037746,0.06318948904967531,0.6584893760165251,0.33496920576997924,0.5354542734928937,0.176257984858138,0.06597376352618377,0.4983868070462192,0.9798263557219271,0.48916543306294924,0.18778315202798662,0.06894431765520502,0.5084830218915883,0.5133176506673974,0.3730138262470254,0.7535583804896437,0.5145109400494905,0.7800861883761753,0.5114468895949265,0.6495615106733024,0.5164233552488151
S078,T2,0.14819678149126084,0.08109852726876007,0.4748079366108404,1.0,0.14866018247945445,0.1921097217073933,0.07607095513120214,0.5132155779443834,1.0000000000000002,0.520871889818709,0.21809799629498836,0.07395495178113771,0.0,1.0,0.7686283119687457,0.7934379249826153,0.4778148342133617,0.7613768428502217,0.44954918023253787,0.6203727870864382,0.5021643144075458
S079,T0,0.6932052507345361,0.7749700892214043,0.6441141479055117,0.6250000000000001,0.6250000000000001,0.7151840534397794,0.7387344266781248,0.44574580806920916,0.5692089420470093,0.5842591669065885,0.6799487590210207,0.671984995420228,0.4296512510934849,0.6021645528662963,0.6188429711350454,0.6219858413836514,0.4512594229979112,0.6225115150179458,0.4474901485583801,0.5375122729609298,0.5121783945483702
S079,T1,0.6136257497871132,0.7975150871374641,0.6070269284027985,0.7773612576804352,0.9279750327710902,0.5951782249499769,0.7524600643378995,0.5932847811737638,1.0000000000000002,0.7714788312543882,0.5622057357689377,0.7024633041257992,0.6005687759764446,0.9426280416125371,0.7794875622774724,0.5713028659041324,0.4458346408617404,0.6127254782366072,0.48336946925545143,0.5352184862212601,0.5649064802416095
S079,T2,0.7038432513198656,0.8938480778579827,0.6015598553261334,0.7707093112278625,0.790940424460015,0.7638178607710383,0.9078866660881701,0.471100465878737,0.5593025642149971,0.769362924516674,0.7297147533473933,0.7989539012050024,0.4309792644979382,0.6360130126839507,0.739195453276867,0.5664660845864851,0.4883211976277535,0.6050887018852095,0.46808357281480084,0.5298498005643855,0.5149536091214908
S080,T0,0.14026982697037632,0.20660698451917686,0.4408172631165901,0.6250000000000001,0.6250000000000001,0.12897956737273547,0.19595289610129182,0.3757856699596065,0.5692089420470093,0.5842591669065885,0.11915242659453745,0.16218979646238826,0.38154811521920884,0.6021645528662963,0.6188429711350454,0.7213305304499986,0.7409480315476948,0.6761973092731837,0.6490548117722803,0.6613342510498237,0.6625097934734447
S080,T1,0.1278429766596376,0.1895857295949225,0.5732697125412762,0.42697995930304933,0.14886440069609452,0.12196191776140003,0.1760469338969352,0.5390996975267273,0.5559166522614472,0.1771577749024872,0.10268807316325154,0.14104252835275857,0.6042590635894096,0.4111626686502449,0.15909435997418453,0.7835505779002871,0.7853518074813359,0.746368904743485,0.7197743426584007,0.6909837736281876,0.7006729800929441
S080,T2,0.1267317298444232,0.17623610237786352,0.447295127756008,0.45033737448594247,0.5956257598299074,0.12640363714215536,0.1763709621713619,0.43959587362463126,0.4494681736820807,0.4628238543010049,0.11593899665616217,0.14742299531710748,0.4160953199270301,0.3078003483011567,0.3660283956981351,0.7929853059682934,0.8011682022277689,0.7704925592927302,0.709779243659924,0.7102656593457664,0.6922804284154869
S081,T0,0.06140507955251381,0.057663599176581315,0.24333182705365553,0.6250000000000001,0.6250000000000001,0.05553943458672547,0.05227121240541182,0.2265403706839355,0.5692089420470093,0.5842591669065885,0.07578633420405312,0.06706994252599399,0.21130984655825857,0.6021645528662963,0.6188429711350454,0.6912681871574915,0.41895339575042256,0.9661397132073419,0.7519030317468692,0.9999017668704302,1.0
S081,T1,0.06254917485329245,0.06193546563333105,0.41468084817666995,0.9211905112271861,0.7360685943588214,0.0535625859020884,0.050871303884023514,0.3776956242242828,0.7240004454644671,0.3534031557647327,0.07297961330949808,0.06512675978560102,0.3635606725928622,0.7714181675615704,0.4138143430553466,0.6726739039149319,0.4064818918521267,0.9537264796539635,0.7426231370764258,0.9999356793288907,0.9998712292001812
S081,T2,0.058986786305479176,0.05885964375830696,0.4089365542412178,1.0,0.8189488978487068,0.05230332151967208,0.04952594419465752,0.4225217397996648,0.9027614837422674,0.6937287256001835,0.07151595916637239,0.06382440431522927,0.4256624215695701,0.9727791607256311,0.6912936625719883,0.7098547691551285,0.4143190952227276,0.9765781422859341,0.7503265636057979,1.0,0.9999020866786281
S082,T0,0.276643919712339,0.17653170615256025,0.5352852933769494,0.6250000000000001,0.6250000000000001,0.2683388112485929,0.1628672560495299,0.37421433004039395,0.5692089420470093,0.5842591669065885,0.3647582562261451,0.22801580100086838,0.41724779415099134,0.6021645528662963,0.6188429711350454,0.5820803180017939,0.44387875845144587,0.40996808769473925,0.39517840369918134,0.3976628236935549,0.4327794381598812
S082,T1,0.2718962193343425,0.17332211779694331,0.7731663201566581,0.6722164660717792,0.7331113968170215,0.2894518772681227,0.17539219050201638,0.4614226762708147,0.4850508932140184,0.5283369038557212,0.3782810773748965,0.227085008093657,0.4921729666268333,0.44646415815322,0.41284589589341764,0.7198426893457943,0.5343165604633011,0.5571154070426105,0.4675389057323691,0.5412926802603748,0.4570332162835733
S082,T2,0.26891146851095626,0.1778758594359721,0.5525065449333653,0.8079302340112267,0.352807146571373,0.2789956444376283,0.17070581752322062,0.31193931738195646,0.9791069288245242,0.5154396687435523,0.38174453211576903,0.2385030089782776,0.44984864271106195,0.895552426510386,0.7594649908342028,0.7123672148237132,0.4823703767840104,0.45025811236029667,0.4280412657980901,0.37581133185294324,0.4635823810910309
S083,T0,0.6526762971195572,0.8063124213585761,0.5313444090412967,0.6250000000000001,0.6250000000000001,0.6863535776521553,0.7702078065023444,0.5018017319274766,0.5692089420470093,0.5842591669065885,0.5771204174381985,0.6019310950901877,0.47906617819422737,0.6021645528662963,0.6188429711350454,0.6943212820301472,0.4145118654233433,0.7183084646772792,0.3206896546536787,0.6530558337488044,0.3823943037461266
S083,T1,0.4927549923722772,0.7094560018551036,0.5389749123127192,0.04451898347795735,0.32144265451853005,0.5459953058845762,0.6370570644669101,0.4492620372555707,0.07561945212463911,0.10429977982063293,0.460890703874157,0.5373877974454697,0.4783032198733759,0.251061971404383,0.12138344203159918,0.6876478405584572,0.4173710664673491,0.7149901505134968,0.31840085708910054,0.6854467297830054,0.4209203929557529
S083,T2,0.46570504652943606,0.6794905188238397,0.5410747717859168,0.03649676150101999,0.3713735508466052,0.515963810934952,0.6900152681820368,0.43593232118380865,0.07157846041551819,0.030153149996519857,0.4476995453229039,0.59789110939616,0.5864811149218894,0.061912560190556465,0.4049891494011068,0.7107552695305843,0.4345190951824822,0.718153133619137,0.31557927031143856,0.6298500379135543,0.3690921922490934
S084,T0,0.5129336058642504,0.2734719410562393,0.3014232168192481,0.6250000000000001,0.6250000000000001,0.4060155517941032,0.23798575406820507,0.23806233320369552,0.5692089420470093,0.5842591669065885,0.4705556320604991,0.22209264384605018,0.20533786717178426,0.6021645528662963,0.6188429711350454,0.48329773821642985,0.44002624459288286,0.12130859514604928,0.229418107505695,0.0056649125794081545,0.1778925405027192
S084,T1,0.4595920154778053,0.24966792656217737,0.2266889062398656,0.7870806904276131,0.7175169858294944,0.39155529728159555,0.24754880886268965,0.2979991752199507,0.5388831689087954,0.5893023299141761,0.4133449087876848,0.2212589257351881,0.3074254096632325,0.405759040808455,0.6049879398925724,0.5306331284652668,0.46695475810534726,0.3595352700061393,0.2949924216871002,0.3225641311857508,0.27435723977612925
S084,T2,0.45356660604538096,0.2456486333200569,0.19899332687142657,0.6694971968029464,0.09064489075929372,0.44680419315882375,0.24021558945866534,0.2686589695932846,1.0000000000000002,0.8302707021318833,0.6608098393656651,0.24475500620292345,0.26164786996919176,1.0,0.9999999999999998,0.4968404582366339,0.4897473625422626,0.10008359052942173,0.2249445020111178,0.0,0.15535440082640584
S085,T0,0.1384822051686101,0.10448709429617534,0.656773891189087,0.6250000000000001,0.6250000000000001,0.10225074527741174,0.10422573162340906,0.6154426537979818,0.5692089420470093,0.5842591669065885,0.2210896164248237,0.16101344051268723,0.599507957826684,0.6021645528662963,0.6188429711350454,0.0,0.33166514419882254,0.0,0.17549821249167571,0.0,0.0
S085,T1,0.1337061331420118,0.10223598489022397,0.5997010233455757,0.46525405427872524,0.26044512542122084,0.09634017777967728,0.09083831701539742,0.6791027456957159,0.21229430802040655,0.0,0.1612750169947473,0.14032186643038572,0.5097577089216929,0.0,0.020947136129524813,0.04567522513603328,0.3230399795622223,0.0,0.19618883343334836,0.0,0.0
S085,T2,0.11715414400343677,0.0944973262478209,0.5440860507599967,0.11774971929640154,0.10838051256001657,0.11253897473917551,0.10160622146354913,0.5947721260110692,0.3768758620189104,0.0623019709364101,0.2570481707958172,0.172150627592293,0.5198951998051291,0.9165369625980826,0.3177042030693912,0.30708610909634126,0.3632060651937987,0.0,0.19268320672548894,0.0,0.0
S086,T0,0.18461706808608266,0.2053590329610373,0.6118266876139113,0.6250000000000001,0.6250000000000001,0.20505524477988196,0.22729843598145966,0.566503693528412,0.5692089420470093,0.5842591669065885,0.21796435948685994,0.214090250555376,0.5060055901236511,0.6021645528662963,0.6188429711350454,0.8276894254845253,0.6698215365911167,0.8022380126059132,0.5881989218114624,0.7330842005665126,0.6226972706029046
S086,T1,0.22369299582837598,0.3148805177336678,0.0,0.8426184905788392,1.0,0.23805611067244362,0.28914442753562436,0.0,0.9397721168446987,0.6717089133952021,0.26086373097698584,0.34100688970747606,0.0,1.0,0.9999999999999998,0.7599025139634343,0.7330176832311806,0.8046791806271572,0.7212230302136862,0.7534052835834213,0.6554740553170619
S086,T2,0.18387208469955948,0.1864655891499739,0.613715917562512,1.0,0.28344228330015087,0.20783480348894415,0.21066009573955902,0.4350202554525242,1.0000000000000002,0.1803824623871909,0.2311625286006522,0.1999263541644079,0.37335973157156843,1.0,0.20575890642726774,0.883173760997648,0.7680879608220659,0.868889595436826,0.673335536791474,0.7509415388973126,0.6660609424611639
S087,T0,0.37828302554082377,0.5090114103427784,0.410459814431932,0.6250000000000001,0.6250000000000001,0.3967650589504491,0.5272401514130938,0.5673468910927149,0.5692089420470093,0.5842591669065885,0.3666631210801485,0.5390877623880347,0.7688808640988942,0.6021645528662963,0.6188429711350454,0.6915387451398582,0.5876269690824183,0.5626589217417263,0.4343590057073709,0.49162009245131433,0.37786965047359355
S087,T1,0.4022724383546043,0.5353857446026784,0.3152905305833116,0.8419106913944612,1.0,0.43184733547789556,0.5622930701374232,0.4608546219569938,0.8751567803516376,0.9999999999999999,0.41228592299334577,0.57301043989959,0.650637879216339,1.0,0.9131664610480112,0.7228609490124518,0.5920057025903274,0.5689982211083052,0.43924686738303476,0.48687501913621123,0.3995704318338006
S087,T2,0.3347470089989107,0.4966931853932897,0.32515179152228524,0.4266535989896136,0.9735778156891549,0.37564406396798583,0.5161796389333533,0.4332171761790906,0.2627994645103969,0.8379898549146012,0.38488107345962813,0.5701371594519982,0.7621077412994983,0.28363731346182575,0.7017591497372588,0.6689315869528558,0.594853872287535,0.5378708798565603,0.4187765724287665,0.4910453279735447,0.39352968473664585
S088,T0,0.2127746221939465,0.2682975812812944,0.6684355439833634,0.6250000000000001,0.6250000000000001,0.1923958759860702,0.23792569315703455,0.6401483007786062,0.5692089420470093,0.5842591669065885,0.19953124959645854,0.25200271755664017,0.8074004114785798,0.6021645528662963,0.6188429711350454,0.6358665169478255,0.5855735549601653,0.5655108250547863,0.44635981601129987,0.5353016286930545,0.48310910279877506
S088,T1,0.18504121708465757,0.27462422066693837,0.6715904866117941,0.4413158833100914,0.5327578115121584,0.17326614473982443,0.24300748889401963,0.6987950839969783,0.4264963651309022,0.6528901128909723,0.18366153427291704,0.2678495391895211,0.7248300110189216,0.5375286058660486,0.6437773401074445,0.5126047389250241,0.5650746315887494,0.5027463857274557,0.4678433994118194,0.47644724645635783,0.48548215169331876
S088,T2,0.22497717202199388,0.27279707922310537,0.4890182517071586,0.8149864079426273,0.32918313593380166,0.2013907692405551,0.2382897103052236,0.4632473401883166,0.48085740046645425,0.08791939121347403,0.20435915026196433,0.2567135008999864,0.6026947179929198,0.29336450370337636,0.0,0.6776436866193467,0.5750608230484244,0.5770532040167599,0.44868961518501793,0.5318364360645949,0.4827358554225385
S089,T0,0.0047807200504306445,0.008239007610278095,0.558321215389634,0.6250000000000001,0.6250000000000001,0.004961260400429778,0.009825381329456328,0.4924666636184174,0.5692089420470093,0.5842591669065885,0.004093684229599963,0.006451968279835915,0.4735516636074881,0.6021645528662963,0.6188429711350454,0.8472433228724185,0.747758812822545,0.7428888675842172,0.5563936271443672,0.6504633399156754,0.495683994802131
S089,T1,0.005128524411697892,0.006301051852196181,0.6471941820832137,0.9206593925146958,0.4167435922193489,0.005748099851335503,0.008454602049194258,0.6790053897582744,0.9045548889406425,0.71665105148201,0.004580486617150566,0.0053110502555937375,0.5621945316403665,0.8827293366630578,0.7050640802085165,0.8721358789728435,0.7782417730220936,0.8247654711114115,0.639351065273848,0.7324868706342558,0.5834316130808961
S089,T2,0.004907793914492619,0.006237276299551556,0.7370581481209351,0.6994374679519711,0.6361487184661649,0.00527215681011774,0.008388481336033822,0.7568051159000571,0.8834990154922504,0.7283040555141382,0.004297742759165136,0.005659536202848745,0.6232797817476663,0.6383319250131191,0.4807438827433812,0.9091024729720274,0.814035271111774,0.8450233302075875,0.596666738489361,0.727242064542208,0.49186356419604493
S090,T0,0.3901284037817108,0.40275357703607617,0.908365591874051,0.6250000000000001,0.6250000000000001,0.47294600672095183,0.2940061290313391,0.519552768792346,0.5692089420470093,0.5842591669065885,0.503591854629982,0.30106207855853034,0.6050636610139939,0.6021645528662963,0.6188429711350454,0.7956111197011124,0.5051192078722251,0.7375740756365138,0.4082370341386184,0.7589866923287021,0.5897018200334905
S090,T1,0.33384871731398147,0.38647809247010234,0.9258686747962361,0.5556609155579133,0.6844230211919757,0.39499103029067717,0.28146839326039846,0.5449062760761676,0.577978666801486,0.9999999999999999,0.4086352277581867,0.27839597308268127,0.6982249090573818,0.5221465366826055,0.9999999999999998,0.7993595896015566,0.5106160420733479,0.7160827005356982,0.4243756969696856,0.7072956010611988,0.6131972202455414
S090,T2,0.33203780650828485,0.3715379287174144,0.88928134541429,0.06702313653079095,0.05974957256979452,0.399990782742597,0.26084782430417486,0.40090320829477855,0.1064759438506937,0.0,0.4185811020882218,0.26334994032272446,0.6038349515578909,0.11374545157716709,0.1758514241552634,0.7825385059659444,0.5275987594745246,0.7394940247949191,0.44578112879753,0.761932069605312,0.6407799543503863
S091,T0,0.5177014261006335,0.8074890915950172,0.5285534713432261,0.6250000000000001,0.6250000000000001,0.5038009705203086,0.8699509747701029,0.536807621984837,0.5692089420470093,0.5842591669065885,0.4154894971619134,0.6885713829799937,0.5027914208584809,0.6021645528662963,0.6188429711350454,0.8601199628305192,0.8216361450318799,0.7923588407805304,0.6720609174528015,0.7217674803233158,0.6231599543600901
S091,T1,0.42471114477273203,0.7688222855000262,0.5090565604196329,0.5463862704774689,0.5670177888594673,0.41077454869409324,0.8004180854181971,0.5355026539137466,0.5510535464428384,0.5883302612172459,0.34070906987312155,0.6453054436122121,0.5334735121412817,0.5848904999466618,0.6850622871022067,0.8762735681839557,0.8207125326724851,0.8218141722139903,0.6780663806011915,0.749408112601299,0.6342989348266455
S091,T2,0.463169976422059,0.7930375750486222,0.5674864136796498,0.1572850288978201,0.7784144818410531,0.4895800517649229,0.8304167436237625,0.5212405313248376,0.16762457003386,0.7320114330820435,0.4055165245216949,0.6510211371341522,0.5259486585512105,0.24458934072575084,0.721715219678665,0.9348428994621871,0.8267091606344401,0.8132594786251273,0.674689962075309,0.6902196902644344,0.6105012208488796
S092,T0,0.8815547775692542,0.5864338213969715,0.22578237959023895,0.6250000000000001,0.6250000000000001,0.9866578002739381,0.48121230044676006,0.029589337307834862,0.5692089420470093,0.5842591669065885,0.8722891543405086,0.35761165111769166,0.23841654355512354,0.6021645528662963,0.6188429711350454,0.6358903904175841,0.6048008580856339,0.5594798420107956,0.5913340138986627,0.5976363392373416,0.6396610377442031
S092,T1,0.941479763066478,0.5844634635959792,0.14992302681936343,1.0,0.7882631711354238,1.0,0.4683673962909077,0.030276073968740214,0.8297265247480041,0.6222300252057469,0.9063872563333251,0.3383785005099392,0.17907819851618711,0.6825098738110107,0.5198836460112045,0.6431530746329812,0.5920219102956228,0.6105960732290795,0.6019649568195913,0.6562132348966263,0.6595535210348162
S092,T2,0.830592326683924,0.5839461934614248,0.3228861768347291,0.15780145555911146,0.39343466186883425,0.8876962597152124,0.4830019938355813,0.21762548628239764,0.22746757759930625,0.24949311756075448,0.850629171842923,0.37435700324110655,0.30719002490578107,0.5932205539795927,0.41851487634656886,0.6317618926866995,0.6177206426540209,0.477444669773585,0.5781716676368625,0.5073033671119502,0.6118654548233631
S093,T0,0.08638237455237238,0.058898118141610445,0.39263894831791935,0.6250000000000001,0.6250000000000001,0.08660303323645549,0.0679237151263101,0.4155020740199524,0.5692089420470093,0.5842591669065885,0.08911417954992035,0.052834564862929846,0.2800846941358315,0.6021645528662963,0.6188429711350454,0.34871487249634825,0.29606157521638,0.24585745614261667,0.37824407338382865,0.06221610848496251,0.3560339586076311
S093,T1,0.07651866771437196,0.05609479657300313,0.4003072874600673,0.29757280522365104,0.2301053313996102,0.07580713315065066,0.07150250819756096,0.37896576505097346,0.18773458017643957,0.07102595509668375,0.06831490800360118,0.050713936531669654,0.3586136262053634,0.0,0.15637704880550557,0.23382433157721305,0.30687479260761585,0.2888498330733516,0.46442783240255203,0.2383604252788718,0.4044317982315705
S093,T2,0.07100858861440279,0.05505222533362202,0.5812559353382853,0.26255227842088397,0.3603534922695326,0.07483832564935837,0.07185889322428864,0.643954257234592,0.31604783462104813,0.8510777877369979,0.08831833474742924,0.056546326512862406,0.4696729451503865,0.7558522458451503,0.9107966594069923,0.5202030217827456,0.3788585300987697,0.21563742607189235,0.4430358893226397,0.0,0.3849834069113751
S094,T0,0.39627819608491077,0.36445607889405673,0.5899166864203962,0.6250000000000001,0.6250000000000001,0.7459353136453645,0.5653697671754773,0.24705191471390742,0.5692089420470093,0.5842591669065885,1.0,0.7533745194823424,0.25521696197689225,0.6021645528662963,0.6188429711350454,0.3217395577017399,0.16148172880441847,0.3247894217726324,0.20030214485972409,0.4200774526949942,0.23856358627717555
S094,T1,0.45546872160623797,0.36231738518465845,0.6342764930728106,0.7324981165049509,0.3968220691165041,0.8557927178000727,0.5874011866927338,0.2790252300020999,0.811228468141238,0.32444553352832045,1.0,0.6442369900350722,0.2676925172626001,0.25801630784446483,0.11300810314010334,0.386929883060499,0.1731100143550267,0.46575647285937116,0.23693938219194946,0.5565822721312674,0.30679932385611597
S094,T2,0.3739375890766359,0.31502688520809213,0.6146031055698136,0.47251070379470184,0.10240775885997888,0.7148279240271267,0.5283395964565591,0.46451130188210765,0.4289998844818713,0.5635436351636596,1.0,0.733942312003371,0.35564845990310845,0.3147342280396569,0.5574420529343591,0.27890952207123454,0.15633776015830325,0.2576716143249999,0.13424960239028766,0.3956247505014723,0.17951001353031015
S095,T0,0.556934873448109,0.7622023973442512,0.43936442345722826,0.6250000000000001,0.6250000000000001,0.6298262357442602,0.8531665810050354,0.4264910170319358,0.5692089420470093,0.5842591669065885,0.6973394964921319,0.9029978204298177,0.3911670847480526,0.6021645528662963,0.6188429711350454,0.5921343008674114,0.4248475810806396,0.9318427252076857,0.6047519790173634,0.4784628713715111,0.31924744358042745
S095,T1,0.5199167705033939,0.7294445413598712,0.3945945245742861,0.9251180605083466,0.7097912299402289,0.6065604290146906,0.8555568196705728,0.4378062688462685,0.7635215570132858,0.32002220287907973,0.6333151409479214,0.8706650042749321,0.4020222535454303,0.8763341686620758,0.45451814831843484,0.6020426601699091,0.4299054069838528,0.9502578375151145,0.6927203235858702,0.5168805101385912,0.3638351876919993
S095,T2,0.5529139853349395,0.7484248194644865,0.3669226288902332,0.36929752052255194,0.8437391375594341,0.6078289071305857,0.8088852671621399,0.33450457395633126,0.3216630665473411,0.8444369238943867,0.702925540537234,0.9068582489204638,0.31613269255564824,0.19253872196916705,0.933645534545525,0.6405592146935932,0.45437575715682477,0.8735570298591676,0.6050430086933337,0.45251135628196515,0.3296094622729173
S096,T0,0.5270486906628247,0.7005464802967123,0.5493639147531768,0.6250000000000001,0.6250000000000001,0.6397320611641668,0.7954503342507782,0.549768503612676,0.5692089420470093,0.5842591669065885,0.7371525564409916,1.0,0.542748161317532,0.6021645528662963,0.6188429711350454,0.7278861391109741,0.7527085845783985,0.6124168972130709,0.5931656342870114,0.504749298986517,0.5132908836381349
S096,T1,0.4840904288619984,0.8606156434812732,0.557346963315668,0.5867447978805606,0.4808900817649543,0.6022638563288605,0.9273127461053073,0.5340528118864027,0.3111559901499526,0.6003315987801,0.6715529161741036,1.0,0.6415181970320418,0.740308659288927,0.597081332300497,0.665419452785478,0.6657349644162363,0.5560378643628743,0.5378692120953873,0.4053026132522648,0.429295122074393
S096,T2,0.49120409826378825,0.6118905797021895,0.5379932257384552,0.004210202284980813,0.21015718640716008,0.5601123499943068,0.6881558241911971,0.4807612722665193,0.20383172071615013,0.08002224719180817,0.5974898939506378,0.779274818695763,0.4383148187679524,0.18780519880851743,0.0,0.717759437488213,0.7352377514101283,0.6144828623579219,0.6077273605676887,0.4974249255788643,0.5297756544920975
S097,T0,0.2633759521248627,0.32407033025578963,0.6645454616586297,0.6250000000000001,0.6250000000000001,0.24753122178934675,0.28383438236564495,0.621902781123856,0.5692089420470093,0.5842591669065885,0.248776756355025,0.267231034224846,0.5284861254270008,0.6021645528662963,0.6188429711350454,0.36217462538370215,0.21715447509870955,0.5348252304208051,0.3569244572704802,0.5661561103829227,0.4288470861505451
S097,T1,0.2970810937598262,0.3772364658436292,0.38241387833084595,0.7141550527293593,0.8395921251497193,0.25376979863536253,0.34607065036865103,0.2952026109997572,0.30716134311541726,0.7818313995135878,0.23887903188134113,0.32964780068947425,0.3895214583986766,0.1840296952745289,0.6589641624898281,0.4824139939658745,0.3807684334136161,0.5950599257627623,0.4910641102160167,0.6201802567125418,0.549889946559734
S097,T2,0.33945167337326837,0.3559862456018125,0.5963174092249164,1.0,0.9907811050887217,0.30793592350948096,0.3487073397211453,0.5436148340735869,0.9721251266693978,0.9999999999999999,0.2941878508448827,0.33641567639751857,0.5057101493793548,1.0,0.9999999999999998,0.5232369044287422,0.2925759769591232,0.6294567379449054,0.39707881017090413,0.6180257419029698,0.45699146599195595
S098,T0,0.11105761428139127,0.03901656564935294,0.8221732622755593,0.6250000000000001,0.6250000000000001,0.12430160025634066,0.035559473448255885,0.3370013216687682,0.5692089420470093,0.5842591669065885,0.1301126678180043,0.03845336717364002,0.4433380066981256,0.6021645528662963,0.6188429711350454,0.6108792562694334,0.43307886769716286,0.5597366120074052,0.39552116010093263,0.645395497809474,0.6193398147847491
S098,T1,0.10313103135177665,0.037037006034838484,0.8414165781407688,0.906731726780497,0.9003455001022049,0.12440018530976113,0.03270813089078465,0.47803426306438923,1.0000000000000002,0.9999999999999999,0.12751343101718499,0.034880062791862516,0.7023403959557737,1.0,0.9999999999999998,0.7284644913136895,0.4484019359512561,0.7218080589702073,0.41993472653752606,0.765314295367503,0.6501002258676525
S098,T2,0.10339242446601746,0.0406371123656397,0.7989486687881375,0.3295474725731282,0.7477912785072812,0.11359494375450314,0.03665496346766897,0.35205168967975164,0.7436896933579671,0.7104168240329404,0.11700785563499769,0.03872762761738831,0.4452168682759763,0.9312030027456878,0.7327740119971798,0.689469840704716,0.48081894268443426,0.5918217702472801,0.44245105020168246,0.653912473920959,0.6356082568792636
S099,T0,0.8466871971264588,1.0000000000000002,0.464872935343587,0.6250000000000001,0.6250000000000001,0.7668487849858707,0.9500069171378409,0.3092540892588993,0.5692089420470093,0.5842591669065885,0.555444714587157,0.7702175410675339,0.43395758161962306,0.6021645528662963,0.6188429711350454,0.8691015023804902,0.8126314078673658,0.7773335897089347,0.678519784069876,0.7555668007067848,0.7356381099261271
S099,T1,0.7671164108247276,1.0000000000000002,0.5366751286837654,0.5902847130485113,0.5778119232687033,0.6924184665174037,0.9061535370636329,0.41796413218270145,0.5957546814656405,0.7443776338983618,0.5211924770710782,0.7242276482389759,0.47875212202264605,0.6192954498337709,0.7148180785065797,0.8780768339683249,0.8135538301730527,0.7961252430037268,0.6823991969184401,0.7712042348040715,0.7418986846128979
S099,T2,0.8446428018280094,1.0000000000000002,0.32830969543956434,0.210103831409637,0.4213655800528986,0.7654116725373351,0.8944393919515065,0.2638274859582954,0.1305685733046174,0.45357379100183437,0.5428981624627465,0.7322996986402901,0.5878835549538326,0.15953086684521672,0.5355795738033793,0.867924677053354,0.8243331679992685,0.7845337740178264,0.6866817742604773,0.7652417483260885,0.7306209419622376
S100,T0,0.4601966576409552,0.2931259664818952,0.5711215425197198,0.6250000000000001,0.6250000000000001,0.38740779926002405,0.2767941384246647,0.4271273272289646,0.5692089420470093,0.5842591669065885,0.38207962788309985,0.3385328955283506,0.6289163574376004,0.6021645528662963,0.6188429711350454,0.289442263608096,0.4557746208831004,0.03683738691265073,0.20654413487826198,0.0,0.1491319321656085
S100,T1,0.38710461789482103,0.25740900317942156,0.471300777656497,0.24653390283593113,0.8795495446652959,0.40383102675618926,0.262967802919434,0.5555793436344512,0.9700884080641246,0.8876715654575944,0.3595169030054917,0.23353815208462436,0.5918235068351612,1.0,0.4126673195674749,0.30997050386526337,0.4575928999438388,0.12704819583319293,0.17410370371158784,0.03641064277724915,0.09812170635088036
S100,T2,0.3979578900240537,0.3025555478786975,0.3451811328091008,0.5442646009016822,0.49007306622678615,0.44252849807817013,0.26205176756712967,0.28965553094670704,0.6623545292085666,0.23501287648391073,0.39776755642136563,0.2429204182803195,0.4249994029763866,0.48554271199460175,0.1383290309371335,0.3398841827734034,0.3585999896767955,0.18970946001136108,0.1371952066417733,0.1025714608794247,0.11208309942766059
S101,T0,0.21224996700954363,0.3627372762503167,0.6831932644191496,0.6250000000000001,0.6250000000000001,0.19029888234201714,0.3067133735556584,0.7165133412162685,0.5692089420470093,0.5842591669065885,0.20502266339074027,0.36286342173802144,0.8365243722423958,0.6021645528662963,0.6188429711350454,0.5582740821729237,0.5080354839615175,0.6753434290100214,0.5419341204620307,0.7306806773251846,0.7171026584249782
S101,T1,0.2090681023405699,0.35521952228171705,0.6905275719290118,0.7369816808568469,1.0,0.1963883555223673,0.30089250988469934,0.6380181593525593,0.568779989640603,0.9999999999999999,0.1970103385846268,0.3512245658078275,0.830389581689575,0.5559398126217376,0.9999999999999998,0.5744783999605754,0.5608354655620935,0.6618093106870182,0.5755529044552319,0.7013447547510041,0.7150963674874673
S101,T2,0.20481291745914934,0.3475335312358317,0.7352929715638554,0.837439811156002,0.5307075289934409,0.18744584258009434,0.3022154348150889,0.6583011798385863,0.7731796722257929,0.8155092396801294,0.19755708231299518,0.3571186894711105,0.7919326054203384,0.5991715608010061,0.7494055734482556,0.5680564449653325,0.5685477535523329,0.679733907565849,0.5925938374833833,0.7342270371253308,0.7241377363679367
S102,T0,0.023407761115569838,0.02897872082763989,0.40069031630481855,0.6250000000000001,0.6250000000000001,0.020119510899261596,0.026803253974131896,0.4330286456320971,0.5692089420470093,0.5842591669065885,0.020940933583122295,0.02858296058201727,0.3923591943550764,0.6021645528662963,0.6188429711350454,0.7787456390277021,0.46444718057078704,0.703472659798799,0.36595206849132333,0.6393478815777598,0.38553242289895817
S102,T1,0.024973836287057936,0.025119062515264284,0.4724371197171333,0.8484700877241095,0.03849552149634572,0.023460911883501613,0.022251105169418944,0.48148831993855556,0.6182224645725685,0.13414842248869818,0.024013294518691348,0.024516514639566674,0.5621665231338155,0.598272297488631,0.13698297349718158,0.8084337487998645,0.5983545372466936,0.7906372549285726,0.464028418310247,0.7234607332646854,0.4896770527168419
S102,T2,0.027394212036158,0.024936148521109484,0.44347495839900697,1.0,0.40568072244348097,0.024782888768494583,0.023271611785572684,0.4241916063033788,1.0000000000000002,0.377223126055878,0.025970168063209023,0.026594591133153347,0.530116968282266,1.0,0.29079621455465765,0.8068221337312151,0.6595612005896987,0.7239687172589392,0.45959475249009074,0.6626423595183675,0.43446729898518555
S103,T0,0.8806076667136922,0.6640836486655384,0.4508310922986911,0.6250000000000001,0.6250000000000001,0.8807421197564812,0.7024127645449757,0.39292598133903045,0.5692089420470093,0.5842591669065885,0.7695413420733015,0.5404798270276678,0.5128627809793691,0.6021645528662963,0.6188429711350454,0.34284308416786957,0.47773033384558805,0.42592716338660974,0.518072260230544,0.6098862609823124,0.6296934395165412
S103,T1,0.7678148443869943,0.6718028503085525,0.6159778267577565,0.7842285088136742,0.6819452107960916,0.7855826997091374,0.7214374044862475,0.4812029754479674,0.5209805245771962,0.28673391298737894,0.7428689228452265,0.5592928227711205,0.6330100696256349,0.6642102059419882,0.6612895560161032,0.40746345543038753,0.41787818332815996,0.5238213322304593,0.5055199336274456,0.6992904042510493,0.6300993246354702
S103,T2,0.7661476157640753,0.5939916532568252,0.49091562260360466,0.9318412873164269,0.6549494344715657,0.8167973087206911,0.6451625107850442,0.39773534923262455,0.6280445714331987,0.7998421477579918,0.7768532243625895,0.533146238012457,0.4506247752376771,0.8870621644666064,0.7722916438706737,0.5020330613272121,0.46858567003113216,0.5213056398084384,0.5332387400100121,0.6637219868590483,0.64561739352834
S104,T0,0.15822404811300822,0.11803360201723967,0.7651590230596317,0.6250000000000001,0.6250000000000001,0.20238201180501714,0.13595340587884505,0.5110716743599244,0.5692089420470093,0.5842591669065885,0.21943566949818125,0.15292633190226204,0.47004443305217647,0.6021645528662963,0.6188429711350454,0.7929899023947338,0.5813239939067458,0.7639736420392506,0.5293288366381041,0.5723830982796296,0.5934499759931293
S104,T1,0.12257021330129278,0.10722374471115224,0.6626978705641349,0.48545622171234865,0.952026229784136,0.15253880565182182,0.13230278035384316,0.5280905436748686,0.3197448650576643,0.880364337536722,0.16908861079877574,0.14124078692202938,0.5447032773601144,0.4388604985999943,0.7608986020273385,0.7437077841924706,0.6727272606616108,0.745594621862964,0.628581897320941,0.6075985342193784,0.63889966412671
S104,T2,0.14067896554330075,0.10417980195150589,0.5573897184680561,0.24586518980461636,0.32954966714800243,0.1656367362725965,0.12085839738622238,0.37035708047086024,0.017231060404816256,0.08830042710994945,0.17480231517209205,0.12972213056299212,0.43294318626448924,0.2378796077645839,0.059277357716691736,0.7898945140538423,0.695399924792482,0.7729249834404698,0.632125517472357,0.5660039591579649,0.6265630296362388
S105,T0,0.1685940403627163,0.1041819770012,0.41361759393578423,0.6250000000000001,0.6250000000000001,0.16254011311319827,0.11021356479078329,0.2821006699174715,0.5692089420470093,0.5842591669065885,0.17793149080466694,0.11471374907611812,0.5412465736562826,0.6021645528662963,0.6188429711350454,0.36219944689910566,0.5326073176101294,0.33817027588016135,0.47911468318244665,0.29647192357219465,0.5446980603043958
S105,T1,0.1331081977345577,0.09675838484634422,0.35131475305452997,0.3668241513960717,0.3765963993729391,0.1353326676349492,0.10390995002227749,0.2720019561167717,0.3644024635599092,0.37901037539207605,0.13825959478229144,0.10496811753652699,0.46863065975446805,0.13688721262972614,0.5395250712949045,0.3955986065023387,0.5347193858476837,0.40813719059762893,0.4751171867702836,0.3799463350909007,0.5415996751382084
S105,T2,0.17476269113665277,0.09485325377713881,0.4367697779373405,0.7927733773973635,0.4931868631482213,0.17731089454583984,0.10246782868363741,0.30832137777412916,0.807934601841906,0.26951279406254114,0.1833976448907479,0.10500343785499791,0.38281032700304407,0.7689925154498995,0.24114481714513936,0.48825184428116586,0.5435495717198127,0.46215301532196895,0.48123413086823386,0.41036825993890735,0.5472406038168542
S106,T0,0.4990039247866817,0.28822891404035095,0.5407044551437739,0.6250000000000001,0.6250000000000001,0.7376959247962926,0.3602687162553511,0.42517689192463237,0.5692089420470093,0.5842591669065885,0.7981761692947821,0.33931037272317915,0.5105864114971077,0.6021645528662963,0.6188429711350454,0.600666007260303,0.4152692395180759,0.5919535940064465,0.43355568671885286,0.6169466979573484,0.4028025904608783
S106,T1,0.29097023500389113,0.22954478442322612,0.6422612262477752,0.29423642564105446,0.4240580414315336,0.47295705910106767,0.30903166662452314,0.4216674362777313,0.22209684527624668,0.28452938828900187,0.48222990890816053,0.2677298356478815,0.725885468460117,0.20293252790615196,0.478209607732377,0.55557110581295,0.45387524791537937,0.6005066003960755,0.544259923784537,0.6005089028557893,0.45728648154894014
S106,T2,0.3268296881896542,0.2379806835365517,0.4112398413792171,0.010305254095691718,0.3341589012765207,0.5863910229724099,0.31945866375290305,0.5114205405571708,0.0,0.27649662807195907,0.6667425465061353,0.29914630187323465,0.5786834054178878,0.0,0.16610728953960707,0.5291880935737787,0.4571997150324718,0.5402307938926741,0.4933950818878854,0.5518942034278236,0.44679490287661405
S107,T0,0.5921697392958766,0.42159366290398126,0.3370881708552118,0.6250000000000001,0.6250000000000001,0.5915151886624682,0.38557014158928493,0.29526288360190023,0.5692089420470093,0.5842591669065885,0.49741354572271856,0.36214096761051995,0.4017429155015979,0.6021645528662963,0.6188429711350454,0.9461489636574174,0.9774807337071374,0.9353738401734291,0.9818139143600102,0.7789063479425526,0.823632066968911
S107,T1,0.65835183742997,0.43278716886849605,0.11201996352923049,0.3360189594910063,0.46233117842134663,0.6390204913361831,0.39266150124544136,0.11088924293368407,0.35661586812683926,0.1936206281120464,0.5389274859822301,0.35617752138468106,0.14886869211472664,0.5169850049221969,0.3342872225124391,0.9479044004590811,0.9567299309204489,0.9596379352050222,0.9633934211590973,0.7954275440965015,0.8170773041183221
S107,T2,0.5628737820854108,0.39772078988143156,0.5331125164676691,1.0,0.5735653778552893,0.5492508967806359,0.36236725705608197,0.4568573298121845,0.8916349800597553,0.6994117614205944,0.4778712289129172,0.33944733657848125,0.5142966868147876,0.7066818150741077,0.6135750534058104,0.9549597300656931,0.9927928194270408,0.9611204146867103,0.9893566905304645,0.7968860389916537,0.8291389324513783
S108,T0,0.35507692996633555,0.3319593686822222,0.49259030677408,0.6250000000000001,0.6250000000000001,0.27332134363774235,0.2656451506932086,0.4484490440105169,0.5692089420470093,0.5842591669065885,0.33375617499445337,0.2724197663279728,0.43508845444790767,0.6021645528662963,0.6188429711350454,0.4372959525345639,0.4594676166099807,0.22289456091910548,0.4131165511043783,0.2518050072882272,0.4849179930762455
S108,T1,0.3591591455233118,0.32962502562971385,0.5595771642857037,0.5495646488148915,0.8185971987684287,0.2727696804573193,0.27323330839876847,0.26861135599378416,0.7104104649085128,0.4336690931830449,0.3239279690709324,0.27705819753655575,0.3200245713259837,0.40498799495958776,0.6623052967973764,0.4054661467551166,0.4180495483144646,0.25201061388311846,0.4127496097949231,0.3331113042753324,0.48418808498484345
S108,T2,0.3228787841476803,0.3151922681515012,0.5976630137001215,0.17965558614872396,0.43940636371660985,0.30051931047626884,0.2549125915447904,0.47714398585807527,0.3705890201369464,0.5416033399406824,0.3814467135067319,0.26242799506205183,0.4955520976612524,0.30609014086333336,0.7507463648425522,0.43635369580130257,0.5069117576110207,0.21884901862456457,0.43162663791541506,0.22471882231438856,0.5032212703616943
S109,T0,0.1100461363642799,0.14353492537194704,0.4471723974714523,0.6250000000000001,0.6250000000000001,0.13115066228175626,0.1567663062945532,0.4328347357335198,0.5692089420470093,0.5842591669065885,1.0,1.0,0.27592161516437796,0.6021645528662963,0.6188429711350454,0.49288439444705556,0.4575436992508759,0.0,0.0009053765378798095,0.0,0.0
S109,T1,0.115173407550727,0.1360730630260156,0.5200028494351181,0.17758143055584524,0.5379703075224944,0.13159461711738393,0.15584452281241534,0.645957737736504,0.10510549887658671,0.45467559032499744,1.0,1.0,0.32256399809959624,0.403641469762658,0.9368418332351256,0.519781198003781,0.4617132730104383,0.0,0.0034106778588307504,0.0,0.0
S109,T2,0.11084028008029562,0.1461495216072221,0.4629679849125381,0.0,0.6404582048887554,0.12585481884098298,0.15994303445664787,0.5141183319068807,0.0,0.7035400094719527,1.0,1.0,0.3675943274138007,0.596635938223501,0.9045163968600538,0.49582675708549306,0.44186924348506107,0.028015326614493213,0.003866922862490803,0.0,0.0
