Sujeto,Evento,Mu_C3,Beta_C3,Entropia_C3,Mu_Cz,Beta_Cz,Entropia_Cz,Mu_C4,Beta_C4,Entropia_C4,Coherencia_Mu_C3-Cz,Coherencia_Beta_C3-Cz,Coherencia_Mu_C3-C4,Coherencia_Beta_C3-C4,Coherencia_Mu_Cz-C4,Coherencia_Beta_Cz-C4,CSP_1,CSP_2
S001,T0,3.851164082793018e-11,1.1842854770381258e-11,1.4359998571610109,3.388266708842499e-11,1.1166199808611046e-11,1.3917929332784715,2.7989181777182334e-11,8.745435262161846e-12,1.4727841001545505,0.833047448112799,0.8380908303079332,0.6525768679838255,0.6279950339389334,0.8155178180787809,0.7986271154952255,,
S001,T1,3.558001223712846e-11,1.1172201465953889e-11,1.425559079641834,3.090619486837173e-11,1.0574419589782217e-11,1.3296160241014523,2.2790942726318455e-11,7.709993608679788e-12,1.4368504843001815,0.8156095028416057,0.7607665279939446,0.6762268837713483,0.5662445435913551,0.9098823924429486,0.7929822418483827,-0.7154044167909301,-0.7142559675116545
S001,T2,3.385951589539369e-11,1.0773429424141933e-11,1.5726071980998222,3.3264657916173404e-11,1.0530487584338796e-11,1.522962584773844,2.7295858753368494e-11,8.351736539428024e-12,1.5361212292625435,0.8062568508477829,0.7870838975877444,0.539689689583896,0.5009776498292972,0.7637656373279957,0.7126348335612516,-0.7154044167909301,-0.7142559675116545
S002,T0,1.1768414092799225e-11,4.466297828375368e-12,1.536808368127751,1.3354494240252385e-11,7.311515906151855e-12,1.4261275704642191,7.903601525130028e-12,3.2683380539582295e-12,1.4042034281121705,0.7776500378377532,0.6077463279154663,0.6203985456217758,0.4994984214547343,0.8253838215369977,0.6858314652806892,,
S002,T1,1.2415459419958367e-11,4.186113488314186e-12,1.4717528274408844,1.3120396463295079e-11,7.512012440899416e-12,1.4665582465659628,7.758066051246011e-12,3.1784942460301605e-12,1.4734467798440034,0.7977506596590974,0.5452117241383019,0.6467437617170894,0.33601377748375,0.8183073282539414,0.6521221286627243,-0.8134536153978724,-0.7099202519857667
S002,T2,1.0798855555843717e-11,4.598537983499073e-12,1.5238782656776573,1.3535461093449337e-11,6.825910184733381e-12,1.4320820442431081,8.629319670313656e-12,3.482661335589645e-12,1.4249556487818067,0.8477336321450463,0.6761737254687804,0.6688241334710617,0.5432754107119319,0.8196494188002357,0.7077624660474052,-0.8134536153978724,-0.7099202519857667
S003,T0,3.5870201336113185e-11,1.4048892497480645e-11,1.7700401125621834,3.6564063371020665e-11,1.3083024277390308e-11,1.681832555838892,3.044811445517155e-11,1.2501724461550851e-11,1.7104074169073267,0.7198933676019373,0.888188908281202,0.5705418601610122,0.7981324391639735,0.8623675388866933,0.9011892404510246,,
S003,T1,3.546561355471808e-11,1.3970271796913288e-11,1.7262708292541635,3.7020687150663686e-11,1.2864043670043356e-11,1.6668781293822512,3.1005351006882746e-11,1.1998703992064679e-11,1.6670008813509924,0.790195822447158,0.9252333394829583,0.7581313461841521,0.8526184483053209,0.9035916480163511,0.9124701536397591,-0.7327470420135016,-0.7552508101770338
S003,T2,3.712449389667156e-11,1.3410994154735204e-11,1.7583170256386533,3.747592671071704e-11,1.2374387080420473e-11,1.7751565367214694,2.9998922763111007e-11,1.2139083922714374e-11,1.7461880349772385,0.802511520123616,0.933693358187584,0.6581101874061903,0.853215871949108,0.7965697894298018,0.9139402148786852,-0.7327470420135016,-0.7552508101770338
S004,T0,5.00298607128609e-12,2.720044423070117e-12,1.5382156341604187,4.789021609948697e-12,2.7845408115973095e-12,1.5520532286531479,4.196280247689162e-12,2.3862200485556905e-12,1.5386621914822187,0.8981038327660795,0.7978144548745131,0.686450844233417,0.6037732138422706,0.813365592741061,0.7716871025860189,,
S004,T1,4.36779278437186e-12,2.4195705757885466e-12,1.6534177065506348,4.1035753757787e-12,2.4979022535911095e-12,1.625780418014365,3.3388422390851164e-12,2.1575531923036475e-12,1.5708927554339664,0.8525564049747474,0.811961047905938,0.6197568710252258,0.5838840361348975,0.8173513076504821,0.7594280783084211,-0.7248204189161639,-0.750154161333456
S004,T2,4.01467974936267e-12,2.299184125898493e-12,1.7139424468712474,4.073957973890612e-12,2.6739040607819875e-12,1.7190105391589896,3.8613059899825346e-12,2.521112514309952e-12,1.6475735223961174,0.9378114580711496,0.8145154335095723,0.8492382135935148,0.6478492376669698,0.9167880264037691,0.7701320767555934,-0.7248204189161639,-0.750154161333456
S005,T0,6.419808744662239e-12,2.3582521395391274e-12,1.4380378647070753,7.494562656175954e-12,2.2572008831009754e-12,1.3302518231190572,5.3221711894714864e-12,2.1934176033304165e-12,1.5346464358605993,0.7242764150470009,0.7206706283914303,0.5792083102602443,0.4637992118412483,0.7516246711133397,0.6071534594842528,,
S005,T1,6.613267097440542e-12,2.033718636955367e-12,1.4519419689591244,7.637690814374375e-12,2.0292193615918774e-12,1.352347316643437,4.993184900017774e-12,1.8112732690686058e-12,1.4597871379296945,0.7514244636395679,0.6966410511435329,0.5889054377497063,0.46747533640034866,0.7542455814705566,0.6448997465943866,-0.7399784362687671,-0.7136783376524021
S005,T2,6.480315143832244e-12,2.0081079107590304e-12,1.4012642777317397,7.515931272493096e-12,1.9922789031275338e-12,1.44465678618219,5.247835556701582e-12,1.841268209947975e-12,1.607926704019557,0.8814983997528545,0.6972714946943606,0.6791477142091955,0.4968495561496291,0.824190318135996,0.6310813668417029,-0.7399784362687671,-0.7136783376524021
S006,T0,4.5862098220938835e-12,5.132368035756938e-12,1.6046777423324972,4.047504458440221e-12,3.866992531557421e-12,1.53571130429695,3.627525042420995e-12,3.9095055737777476e-12,1.5971987387750552,0.6606538136456946,0.7971594912449261,0.4688379681879532,0.5522600945719206,0.7076425416427606,0.6939950809288628,,
S006,T1,4.74265420870468e-12,4.477123840823537e-12,1.556540966312015,3.919740338322494e-12,3.23940721470187e-12,1.5694862820711055,3.709492263947801e-12,3.2263788325907727e-12,1.6453980613151085,0.7019183705019408,0.7121774280205754,0.4160590008422689,0.3918134145865349,0.7036787119243244,0.6210215767121213,-0.7574690314463893,-0.770377716132121
S006,T2,5.0549583621889425e-12,4.671429764047212e-12,1.5976138975061729,4.228029470859045e-12,3.501628520189509e-12,1.5571351966956974,3.678366580076486e-12,3.3754757013483682e-12,1.5919632819108365,0.8599286713452733,0.7952995475881949,0.6958504119259017,0.5003926212936435,0.8331877997974567,0.7417280848726876,-0.7574690314463893,-0.770377716132121
S007,T0,4.721517792258832e-11,5.672005051288343e-12,1.5030848408635225,4.616172565904716e-11,4.67081169032896e-12,1.3696526341733755,3.555233368461487e-11,3.945432508838821e-12,1.409466129574659,0.8765458090796407,0.8078330276126787,0.5320184517275819,0.5220036956537248,0.6528253932502343,0.7233132447815134,,
S007,T1,3.909557003166268e-11,5.021832075116699e-12,1.4624809576678466,3.39687737959884e-11,3.941869833752409e-12,1.35810783702718,2.477136351930557e-11,3.228889116181647e-12,1.561539658087131,0.8540815399006796,0.7906226980494722,0.6334475498122223,0.605162123185659,0.8357615550250848,0.820372526641662,-0.7882762669404966,-0.7231851284987474
S007,T2,3.828992900892559e-11,4.491513024232641e-12,1.458793212293716,4.142278788476594e-11,4.1926840152209785e-12,1.290302970581514,3.741420229522987e-11,4.1439266598068455e-12,1.4766620921915756,0.9051222980575264,0.7682760783984438,0.7171160383137299,0.41845317119006026,0.8577534161566354,0.647759763694568,-0.7882762669404966,-0.7231851284987474
S008,T0,1.164780249122246e-11,2.5612075964e-12,1.4868526516458778,1.379445719304687e-11,2.4980734498046546e-12,1.4350561970786722,1.161086252635814e-11,2.2670764871975823e-12,1.4617233955996953,0.7799020269905581,0.7784249360549189,0.7603285569953334,0.5554085729786064,0.8972465932811998,0.7259729839117309,,
S008,T1,1.1231676134606868e-11,2.394503920874953e-12,1.412183992189336,1.284568272058014e-11,2.2772920053141906e-12,1.333211013831389,1.0656965726650706e-11,2.0307673448076786e-12,1.3270116120269166,0.8092084698548684,0.747903100881225,0.7185589763065842,0.6308976943513097,0.8101838193766823,0.7737336936474773,-0.7173583449339133,-0.708167982512173
S008,T2,1.1282403615351537e-11,2.3444622452070917e-12,1.5162965689821009,1.3342337660291406e-11,2.2532841871056823e-12,1.3747483701228296,1.1819187426079688e-11,2.0862889327767112e-12,1.4720285443559311,0.7943864479962874,0.7136251860186992,0.7910955658638819,0.5798331713968948,0.8731206411202449,0.782083329921737,-0.7173583449339133,-0.708167982512173
S009,T0,3.486600142243794e-11,1.6776259348537512e-11,1.7049410865456922,3.905886680089335e-11,1.274610946374388e-11,1.7894016192193956,3.062120404045349e-11,1.8946228755958666e-11,1.7778966133196594,0.8557270230574876,0.6834701302371696,0.6680857606380948,0.4618121214025569,0.8363445899840095,0.7501030944026389,,
S009,T1,3.02281172947809e-11,1.6340277985473914e-11,1.6545886686617985,3.223811014390112e-11,1.2951810106157616e-11,1.7310812071127235,2.641364111176962e-11,1.9254103774237814e-11,1.8046347585090303,0.733720215195169,0.7219400934437552,0.6044132502430097,0.42443983276908265,0.8250350233079593,0.7010223555486041,-0.715733954458918,-0.7585656248514223
S009,T2,3.4983881274630564e-11,1.6229195771676453e-11,1.7047480922384253,3.918964878282652e-11,1.2861317909682884e-11,1.6131755994222448,3.070511409916278e-11,1.9865794626407638e-11,1.732185200992532,0.8057403272965535,0.737279901425282,0.7065577626517253,0.509414512751155,0.8397370409701737,0.7948675086327329,-0.715733954458918,-0.7585656248514223
S010,T0,3.658380850473704e-11,1.098233511528415e-11,1.3111973597824509,3.9476248205061494e-11,1.0445612072052653e-11,1.2251643518480844,3.1744726593134465e-11,8.380072868438094e-12,1.219025358576019,0.7501947330590404,0.7874068382298528,0.5309647090888814,0.5727985481353269,0.7184079911883743,0.7766475178727769,,
S010,T1,3.808397153837395e-11,1.0610394785033477e-11,1.2156319879203217,4.047967378285083e-11,1.0256619574293066e-11,1.1730386138780566,3.06664521323321e-11,8.147950894734542e-12,1.1834816007929285,0.7609544925884564,0.8046118427715043,0.6512826343532434,0.677110217524315,0.7865321780571684,0.7923647488253331,-0.7569537839808037,-0.7285370676014029
S010,T2,3.308441796648545e-11,9.817073872341957e-12,1.3049710327192068,3.6790872640740916e-11,9.698412504519552e-12,1.2211748872361659,3.1383739629551964e-11,8.064533158009296e-12,1.290188048205559,0.8494451263402685,0.8348675676806143,0.6905509958929562,0.6290565763933357,0.8041251846685962,0.7442167705546864,-0.7569537839808037,-0.7285370676014029
S011,T0,4.127081875586459e-12,1.819824985675054e-12,1.4043405947208392,5.255626632693549e-12,1.9341191292922965e-12,1.3624294398148322,3.911778923528236e-12,1.529717822481518e-12,1.4663858457121988,0.8099381065513392,0.8020460022897773,0.6744155192628329,0.6663085237109767,0.8265903286432874,0.8503765851383766,,
S011,T1,3.86196942787915e-12,1.7225507956232063e-12,1.4524967015540293,4.7880642304629424e-12,1.7838112067929178e-12,1.32610149281816,3.3472512062566873e-12,1.4305091104394883e-12,1.4195832170765614,0.7993734291044736,0.7870158755879597,0.6247673567587708,0.6175444886019837,0.8629035033318297,0.7990951422236847,-0.7035562677800066,-0.7074292801735323
S011,T2,3.526028670135297e-12,1.7145565253467706e-12,1.4815754588983594,4.367921524964268e-12,1.773582500977914e-12,1.4306567633194365,3.284156441810541e-12,1.4411962252338074e-12,1.4494488507649053,0.8696937787820365,0.74151207955668,0.7057039680720514,0.5296949781164612,0.7833114132586618,0.752449795436608,-0.7035562677800066,-0.7074292801735323
S012,T0,7.2352991825324945e-12,2.4781500323426504e-12,1.6243348319901,7.752354767910124e-12,2.0903566835205877e-12,1.549765580947702,6.5841036151036954e-12,1.9360402770520336e-12,1.534727349120234,0.8854474864158461,0.7974373457489954,0.7879308280297006,0.5592741280555349,0.9480467386487357,0.8250716882356366,,
S012,T1,6.755784338917049e-12,2.340752451747591e-12,1.4940857066012658,7.135401369644683e-12,1.8985249289745147e-12,1.48921165549803,6.9221429097705636e-12,1.7851860513208498e-12,1.5877369593606236,0.831404235712927,0.7531895116369504,0.6230693970627509,0.5565854705395807,0.8621328015876315,0.8352949421208152,-0.8210475669317853,-0.7178211783428075
S012,T2,6.7424442961902934e-12,2.4024290504967835e-12,1.5577718623421777,7.512177630001707e-12,1.971611708700584e-12,1.5106109953359181,6.513065605665809e-12,1.99367920576043e-12,1.5430849277026442,0.854154379369747,0.7583675180514208,0.6503203021207316,0.6048745660445688,0.8348042257894759,0.8314372448355299,-0.8210475669317853,-0.7178211783428075
S013,T0,6.387444785948022e-11,2.7214267172822774e-11,1.6870728481114197,6.941230911193636e-11,2.361965634380383e-11,1.5189903846778985,4.043009307848357e-11,2.2317844605932484e-11,1.6628511114443072,0.8565060601316592,0.6459866749590875,0.6943162118577352,0.4315518522883401,0.8029654059784153,0.6602728393438708,,
S013,T1,4.589806097566089e-11,2.5798932884391617e-11,1.657642425049458,4.869364188838148e-11,2.1739646177636914e-11,1.4855197054950373,3.107278877177845e-11,1.7963042662615156e-11,1.575713179784607,0.8819222230281925,0.6863176304213168,0.7874636570909093,0.49260774510454125,0.8546416145248118,0.6822448202013208,-0.747770181662045,-0.8332430891641606
S013,T2,3.658146397934723e-11,2.1698003993396903e-11,1.694551925473636,3.882963855347297e-11,2.03511060899912e-11,1.4930257778185676,2.4714840683022545e-11,1.9043504162206434e-11,1.6531295719321486,0.8464723284108893,0.7171677877654208,0.707611790924783,0.40384158909200213,0.8877131012008757,0.6182280613885077,-0.747770181662045,-0.8332430891641606
S014,T0,3.713293948446745e-11,5.0095675830353955e-12,1.4299992740322822,3.784962396582856e-11,4.340891373123779e-12,1.2601840408951819,2.922207117543442e-11,3.987373098363381e-12,1.4045098010112318,0.8617706911785374,0.7410280954403152,0.7387770883236401,0.4070465787103756,0.7233235349603288,0.5682403898563697,,
S014,T1,3.6981985517999996e-11,4.8386750483744016e-12,1.5971741781116924,4.080710266646009e-11,4.231181913185847e-12,1.4183456104922694,3.0507667147246076e-11,3.943220333936231e-12,1.5028411498639749,0.7793169279983594,0.6925954020422599,0.5213618352646909,0.3885307990290793,0.6453043071430434,0.6163041836432098,-0.733262757850298,-0.7145495027960594
S014,T2,4.0144030868783315e-11,5.047020907156538e-12,1.536957298992027,4.337987892160512e-11,4.628914613986007e-12,1.2908878839492242,3.128487610243075e-11,4.1486011421289194e-12,1.520586534388118,0.9057830527717443,0.7874497027498718,0.7635508765622367,0.548602783500023,0.8188563825737809,0.633318417070489,-0.733262757850298,-0.7145495027960594
S015,T0,6.043378431898628e-11,3.0080475047739886e-11,1.5015773954741896,5.628219167421958e-11,2.734354256612215e-11,1.4754777632901048,4.7423185160410606e-11,2.329421844125024e-11,1.567159719045237,0.8835531017418583,0.8095707618164194,0.6991390147780912,0.6213577761635423,0.77115922569295,0.8007699677904282,,
S015,T1,5.825582077515712e-11,2.6078728345885842e-11,1.5193067511613414,5.5841987446920284e-11,2.4065102055838934e-11,1.4264655258091674,4.167631169881345e-11,1.984282682890573e-11,1.5830436780810724,0.8269032421590067,0.8387714387698857,0.6320684537734196,0.5566455560607892,0.8085097191075677,0.7696370765799351,-0.7278353663899306,-0.7144859698640963
S015,T2,5.99641414786054e-11,2.6827944345907185e-11,1.497990421460425,5.821710291180922e-11,2.440546492923158e-11,1.412793607533329,4.8109002042649156e-11,2.0842444594509736e-11,1.5716524104830674,0.8637129216814745,0.8765954855275109,0.6061464731077161,0.6258969801271682,0.7855484653558584,0.7768878407645456,-0.7278353663899306,-0.7144859698640963
S016,T0,1.6931909020333864e-11,4.511275630956615e-12,1.4815750819384863,1.8680510380838517e-11,4.663556451214643e-12,1.517128922556247,1.4969917338203174e-11,4.274819900526023e-12,1.5264511832263972,0.8973292147357925,0.8114076397677482,0.899539559099069,0.7225599398540129,0.9429635608632092,0.8020574133618475,,
S016,T1,1.742250447665562e-11,3.799055757632449e-12,1.3370796263465454,1.8807770291955458e-11,3.874991822728367e-12,1.4405038197846172,1.485277794868442e-11,3.546142401922464e-12,1.4458222911795413,0.9246886178358444,0.8265386193628507,0.8769936585660278,0.5646646116296141,0.9657115318600551,0.7994354883730151,-0.7373160400167891,-0.7676967740044146
S016,T2,1.4620321427669865e-11,3.924645522612197e-12,1.5799354251973994,1.633761343278745e-11,3.919690179248589e-12,1.5433562511546075,1.2771633894396846e-11,3.6359722473313958e-12,1.5623323749955302,0.9016296993782209,0.7386766829646099,0.8463739730586557,0.5371621632377216,0.9004228692744748,0.74653897048823,-0.7373160400167891,-0.7676967740044146
S017,T0,6.573081399517224e-11,3.537005595878248e-11,1.7490401911669922,6.304281095225947e-11,1.5115045239140915e-11,1.7031306232242445,6.052414675684338e-11,2.2074456071791504e-11,1.6955956208677145,0.7112755621360274,0.6824833014807421,0.5351166008742767,0.44670905374770203,0.8347738171683121,0.7617081001618239,,
S017,T1,5.0593307519914706e-11,3.285604835653619e-11,1.7099935145314873,4.972658103633261e-11,1.2924738138281231e-11,1.6773797267033794,4.238148675250189e-11,1.9227715967076746e-11,1.6485349473978728,0.751292149606929,0.6519935312767704,0.6330624833760198,0.3902307535411577,0.9004228175773504,0.7090697332881234,-0.7906871027876379,-0.7718921093021263
S017,T2,5.263515312161291e-11,2.957691392881684e-11,1.7556634534711821,4.997981214455894e-11,1.2065901012250221e-11,1.644948825371452,4.5668973480169955e-11,1.919687392350474e-11,1.690110201456849,0.7337099982918318,0.6658330980372521,0.6028138530505338,0.4617406200154784,0.9172709440898292,0.7022626663285841,-0.7906871027876379,-0.7718921093021263
S018,T0,1.695682040990609e-12,8.533542928433774e-13,1.5021635205939898,1.7511321437695668e-12,8.649167037980821e-13,1.457270573201454,1.4866806445825725e-12,8.712726074580585e-13,1.5325102736628626,0.9020598982958306,0.8649131744980671,0.8351819150471884,0.7843309751098287,0.9540786106955231,0.9393747121153068,,
S018,T1,1.5418226412673752e-12,8.640119616116667e-13,1.4754408540284596,1.6315361784417852e-12,8.825257364142227e-13,1.4495907467049962,1.3668793481617476e-12,8.786339444548286e-13,1.496178053348856,0.9412829137362251,0.9012473622967769,0.9221055868874491,0.7964534069128096,0.9800817251825,0.9183137326466858,-0.7301664838059045,-0.7157533053932313
S018,T2,1.4556916991541781e-12,8.108614542769135e-13,1.575966985804653,1.5402553834112885e-12,8.103220766026807e-13,1.486819193628762,1.3248111786777633e-12,8.182528647420714e-13,1.513920671856699,0.8737090938843399,0.8443490716809325,0.7475692338880388,0.7579876723632184,0.9137841536480524,0.9426922519616461,-0.7301664838059045,-0.7157533053932313
S019,T0,3.0149246968726885e-11,1.2962372464253186e-11,1.487824018991236,2.561732593740811e-11,1.194337157725113e-11,1.436837735659505,1.9429261416511612e-11,1.0598932751383379e-11,1.5408433679789044,0.81956641984456,0.7392260317480263,0.6238610143362493,0.5194387060912413,0.8146036027207204,0.6915919797947954,,
S019,T1,3.101021084654413e-11,1.1833392205574113e-11,1.5533484457830569,2.8056458201494818e-11,1.130281253230831e-11,1.4834343676012915,1.8938705321474866e-11,9.563883954651647e-12,1.538735890685793,0.8995723283227252,0.7979716311989196,0.6497493952955127,0.5431867053195469,0.8023324679405035,0.7159243301560257,-0.7412140206756833,-0.7274395159248215
S019,T2,3.2025547726998e-11,1.0585412465034462e-11,1.4739079663722263,2.892827216200987e-11,1.0452675611877658e-11,1.4056886966270976,2.0659069300760672e-11,9.433537922950517e-12,1.4752497331674657,0.791208282900007,0.7683808032756705,0.5769907337364351,0.5275890389345277,0.8046679587463816,0.7478747537213477,-0.7412140206756833,-0.7274395159248215
S020,T0,1.8868777763467793e-12,6.351243229517225e-13,1.2470322937863831,1.9613511788726268e-12,6.369525193930841e-13,1.3130375735827466,1.3302604410397634e-12,5.113498165300957e-13,1.3578090993933016,0.8058321926558437,0.7904165921281328,0.7232223834309442,0.5282477768324145,0.7905019401563216,0.5494546779878979,,
S020,T1,1.7292504782832913e-12,5.505921126670018e-13,1.34125579909966,2.0004093239652637e-12,5.576841337205851e-13,1.3550008847338577,1.2786426158642417e-12,3.9923355613069156e-13,1.3740457390436915,0.6083088671337881,0.7065818073486506,0.42608855728937395,0.5540736163425873,0.6990655936184235,0.7518050469323329,-0.7108887904784762,-0.7131862673256251
S020,T2,1.7382434793271202e-12,5.085810426861217e-13,1.294079778706878,1.9874424249618795e-12,5.119060257147761e-13,1.2594583545783529,1.235940065204167e-12,3.7693697081270034e-13,1.3075664691216036,0.7702891825390676,0.7427899423814155,0.678458963397303,0.5609446537634325,0.8542601025923976,0.7144379485767702,-0.7108887904784762,-0.7131862673256251
S021,T0,1.239873975361855e-11,5.017377041073583e-12,1.204379526337052,1.1457803853876442e-11,4.509259313187278e-12,1.2803513324846794,8.819982516524357e-12,3.697505690195738e-12,1.3654336356097134,0.8952410945947595,0.8764375006203223,0.7382283120319335,0.6155155113238298,0.8503246038166472,0.7930779159713242,,
S021,T1,1.1731629102887191e-11,4.757965835242147e-12,1.1485636869470817,1.0787034311553194e-11,4.300712240489525e-12,1.1695849840734123,7.70972096944964e-12,3.2767223093768693e-12,1.1812222501015288,0.9565523266851184,0.9049817966373651,0.8403250476992576,0.7354150806941367,0.9038892664308801,0.8801528522637302,-0.7121192098782329,-0.7688467965725352
S021,T2,1.053591661698101e-11,4.577991690447478e-12,1.1576074956505864,1.0317990310897797e-11,4.284779167175567e-12,1.2099216618457085,7.621397171812711e-12,3.6328197962355307e-12,1.2198822307959134,0.9701631381507152,0.9180316526032326,0.7519248330161652,0.6290891316531598,0.8141746754052279,0.7188199262308607,-0.7121192098782329,-0.7688467965725352
S022,T0,2.5751417397151186e-11,1.1283436314597374e-11,1.3333907186011666,3.0258213630248486e-11,1.2036997566325474e-11,1.2700838294379986,2.5758715724967854e-11,1.0657005300173538e-11,1.31032095562652,0.8532831414125019,0.6537504145551468,0.7308290296113995,0.4476117091225637,0.8385187373180453,0.7456848984017902,,
S022,T1,2.624003404236337e-11,1.1185268542353453e-11,1.3339033872289436,3.143555488667027e-11,1.2200569447389086e-11,1.3271355343141444,2.6719502234237396e-11,1.1239131935952067e-11,1.3169750656052326,0.8299053672255812,0.780743899093357,0.6939030733978244,0.6212303103569106,0.8906733342409052,0.81787657840933,-0.7063493726474862,-0.7101264944337334
S022,T2,2.490038283039324e-11,1.0956177688970995e-11,1.3707126847088504,3.192561151518558e-11,1.216711513986769e-11,1.3078338249673267,2.7854037596943016e-11,1.1306204912250723e-11,1.3549063412643776,0.6888203998470259,0.7345339210878735,0.5744393669204253,0.5225444203261644,0.8306191285857023,0.7718809643187053,-0.7063493726474862,-0.7101264944337334
S023,T0,7.60137562649584e-11,2.5281188738166353e-11,1.528459325592017,7.778409568542767e-11,2.43724891564005e-11,1.4276172189808305,6.010365261699189e-11,2.076903373418607e-11,1.5317206281462088,0.8407078482245212,0.7845220490627496,0.3565120874271016,0.48232401178011924,0.5976654863613442,0.6208595851926162,,
S023,T1,5.4281618123039836e-11,1.782162974548686e-11,1.4376182735322747,5.6522055311951296e-11,1.8888868167737214e-11,1.3521791272816759,4.2091288744842893e-11,1.604840148391268e-11,1.5438840556207851,0.8852194339362442,0.8303940058584506,0.5355128398282604,0.6159636816000791,0.7377613294184229,0.7878818414416003,-0.7567080529468017,-0.770143807977949
S023,T2,6.061513731490661e-11,1.865383062980287e-11,1.5837639156659913,7.20219390016188e-11,1.9408444937594798e-11,1.5432551232124443,5.844905777420307e-11,1.6713165127111492e-11,1.5621426932694702,0.8503977440042361,0.8518447075289383,0.6733433927952797,0.6980673082624714,0.8181304880814896,0.8356487009445995,-0.7567080529468017,-0.770143807977949
S024,T0,1.284090574613576e-11,1.2688523494341885e-11,1.7534052048706599,1.65608034111925e-11,9.466072867980994e-12,1.6815679344173051,1.1095998018246539e-11,1.0604037530279724e-11,1.741728866611374,0.8691400174882118,0.5299870789486679,0.7051276585743281,0.31671945832725334,0.8174142750405449,0.702751210503255,,
S024,T1,1.024832392825872e-11,1.2138491309275046e-11,1.7510526602801115,1.1910141657301985e-11,8.741529046271736e-12,1.67385003529052,8.662609534517549e-12,1.0239150438411128e-11,1.7437317262061485,0.7907332333675868,0.631616712682919,0.566416365691498,0.4827998830619292,0.7912131009402199,0.796268270233562,-0.7595452690870301,-0.7326773475141733
S024,T2,1.050737245797155e-11,1.1917813411470553e-11,1.684309163950418,1.2476045734096639e-11,8.435940031963402e-12,1.6445363937479969,8.627463357776541e-12,1.0240542758296392e-11,1.6786862943044298,0.7222172550081194,0.7420748853792867,0.6803929005342091,0.5602339918447872,0.7937339717489476,0.7874700694625808,-0.7595452690870301,-0.7326773475141733
S025,T0,9.70683227101792e-12,2.6164786551097012e-12,1.3111819582264992,9.76927219402166e-12,2.4598403680672922e-12,1.372567090494544,9.212190073397746e-12,2.585926006666164e-12,1.364700657118806,0.8955499890827825,0.7216000185495304,0.731990564567449,0.43258543870666255,0.7350842156417408,0.5848659327943571,,
S025,T1,7.0623843184790324e-12,2.2939448560650387e-12,1.3143501839983587,7.684902287099825e-12,2.055370566471881e-12,1.3332698928116702,6.591294701571735e-12,2.1073792956910492e-12,1.3544391948786727,0.8894374780756007,0.8207509535814851,0.8357196652417693,0.5932189532679963,0.8807508521015857,0.7219026708958655,-0.7534817062053858,-0.755214466781462
S025,T2,8.653220729775807e-12,2.2949910892394416e-12,1.3258115904613004,9.634123110451822e-12,2.131645074696904e-12,1.280199642757224,8.819637205479397e-12,2.2212493981437563e-12,1.3555021023727958,0.8819407964392374,0.7814853414020915,0.8489338540418743,0.5630272434084646,0.9268216965852554,0.7174733384780803,-0.7534817062053858,-0.755214466781462
S026,T0,2.4266130855507227e-12,1.2186558630587018e-12,1.5800188760935274,2.9655403087862782e-12,1.4708891089830905e-12,1.6127687815388432,2.2761416894198226e-12,1.6509787967494137e-12,1.6561809929818077,0.7913596794220137,0.7758199985673849,0.5436964299117125,0.4510777822966815,0.7243994168895636,0.6744063373078493,,
S026,T1,2.360200582085228e-12,1.1809853582514636e-12,1.656536618063845,2.7787414082343285e-12,1.382506482608876e-12,1.6970004054475996,2.100981825762023e-12,1.5846251277611395e-12,1.804940374591652,0.9214242371518109,0.7799320312424893,0.7985681644132323,0.47700926698412616,0.8961335633685739,0.6218311625184542,-0.7287334178032933,-1.1388009095675902
S026,T2,2.312230509965528e-12,1.1176904409175986e-12,1.6081904739759827,2.7158559658341698e-12,1.3165810797723287e-12,1.5629257095738756,2.2121526503099204e-12,1.6570838641948715e-12,1.4567237003928037,0.7890183391271843,0.8340305616397143,0.31381578395560855,0.608789533085,0.5144122141653712,0.7743102237428271,-0.7287334178032933,-1.1388009095675902
S027,T0,6.757620006584838e-11,9.789453886787018e-12,1.62013883026404,5.837085423145005e-11,7.945196981851231e-12,1.6444744478978535,4.3501836412778227e-11,9.298142563139774e-12,1.6269257027856727,0.7526240581045283,0.6967580157892207,0.6775498796409497,0.4233123394222785,0.8155902034979796,0.6307705573673041,,
S027,T1,3.60277102532352e-11,8.837484376645953e-12,1.3739974443138565,3.136473497724569e-11,6.764204830256573e-12,1.685400344407033,2.430005513515151e-11,8.052486894045424e-12,1.540306871689589,0.7508313385751848,0.6579845387174886,0.4344853116497486,0.3780500878065932,0.6028191549146471,0.5605154766829288,-0.7403195573571248,-0.7147027308936097
S027,T2,4.3248986092442405e-11,8.100950843718511e-12,1.4582630846369824,3.5465087086348423e-11,6.480832562999387e-12,1.5673605079237287,2.8882308835824026e-11,7.821100894864327e-12,1.4268422010363218,0.7715482458991036,0.6620225045203396,0.4928992097114556,0.4489075809003323,0.6302341491722725,0.5796924946836068,-0.7403195573571248,-0.7147027308936097
S028,T0,9.316146487642957e-11,1.2517907567052425e-11,1.5156935164595027,8.90139359670514e-11,1.3352384419282704e-11,1.2539887355595896,6.97073266545485e-11,8.933667714367605e-12,1.5368753470705243,0.559124003347885,0.5319390983070608,0.4813325364528668,0.31636865197353387,0.7323522808276228,0.5439160331432454,,
S028,T1,7.891826836943467e-11,1.1178244866572134e-11,1.5939587255856404,7.825596780053505e-11,1.125797335065283e-11,1.2697030301780712,5.9732230492979e-11,8.180000011182362e-12,1.5021852486242362,0.791133991676103,0.5542657602905676,0.5484667638994651,0.36613047356130085,0.7330457225947835,0.5701206904956914,-0.7487471938694742,-0.7457265497647255
S028,T2,8.325390620719057e-11,1.0839560983957344e-11,1.4824938251090996,8.634211938805176e-11,1.1805470267347488e-11,1.226610518280745,6.145929010918928e-11,8.256721660458188e-12,1.5116671382630058,0.7683465943494738,0.5979784051555084,0.5619850908584348,0.35997972669788253,0.7478479981686411,0.6001489201497351,-0.7487471938694742,-0.7457265497647255
S029,T0,1.0603100033769205e-11,1.3478096066367999e-12,1.3563197614373959,1.3149011658201153e-11,1.2947949807097951e-12,1.3179803077816148,1.1007250241406083e-11,1.4064252689966735e-12,1.380930904366975,0.6480628476276932,0.5634728162001758,0.46819317881766215,0.38242784918111755,0.789035160012318,0.6828619384054556,,
S029,T1,1.077333610035107e-11,1.3259658601965765e-12,1.349057494444091,1.1543372060079113e-11,1.1502429670068813e-12,1.2847145683019703,8.496119524885804e-12,1.0978160791983065e-12,1.3927027722153733,0.7017698600158244,0.6356717311807561,0.584706510037176,0.3766833838512917,0.6972431210482877,0.653256235508083,-0.7761466546350178,-0.7642787219926723
S029,T2,9.967251634127304e-12,1.2264464695757238e-12,1.3376489461726842,1.2250235444606734e-11,1.2639338572923732e-12,1.242966914260482,9.63010378536311e-12,1.4153250890231105e-12,1.308119265032774,0.6563989643874863,0.7135189687868644,0.579023004790071,0.42975414770688103,0.7045330323245389,0.6757812995139618,-0.7761466546350178,-0.7642787219926723
S030,T0,3.656003663748381e-12,7.872637440506788e-13,1.1631732592663335,3.9848969677832094e-12,6.710147161264644e-13,1.1484146105851614,3.0011486260336066e-12,5.898529744977977e-13,1.1563796788376999,0.8073208476401584,0.8037571041096949,0.642107473278539,0.6912673592618982,0.9198519509895235,0.938304431927701,,
S030,T1,3.2181737202468788e-12,7.53967660331356e-13,1.1802878836198822,3.2993027469559974e-12,6.593864662946919e-13,1.1404255272807624,2.5248228830967837e-12,5.799157585700324e-13,1.1867006716853774,0.8817896062382965,0.8624187342860574,0.7662112546638928,0.7677710450521774,0.9442876787916457,0.9531470866520377,-1.0820179863743868,-0.7848208636048339
S030,T2,3.3101711756501338e-12,8.005870753728487e-13,1.1400982443507048,3.5355545427496767e-12,7.474563198416112e-13,1.1265403234082065,2.7481952994922824e-12,7.346970922365826e-13,1.179284087325951,0.7629010613201208,0.856157128043635,0.6000916649426733,0.7591413093390901,0.9317332666228203,0.9507345887376523,-1.0820179863743868,-0.7848208636048339
S031,T0,7.334756288097803e-11,9.21062437423294e-12,1.1128973884374551,8.445838041465593e-11,9.774634442552974e-12,0.9248807700286222,5.927994110631104e-11,6.917955740354138e-12,0.9227182887322174,0.9018320213758247,0.7882854397829641,0.7326950126270281,0.5586910705772544,0.9107155275996018,0.7577574955874943,,
S031,T1,7.134312969018127e-11,8.980219337003797e-12,1.2628685946046971,7.958917310775195e-11,9.571408614719433e-12,0.9417549627705859,5.313017413005655e-11,6.66305132005171e-12,0.9727193328265783,0.7828446530771618,0.7575607951249133,0.7514578618719232,0.5870225248533301,0.8936422532878794,0.8427314069224098,-0.7665799576013194,-0.784930015293214
S031,T2,5.651876570052578e-11,8.529871564505698e-12,1.1641686215983815,7.235244014237083e-11,9.062003008930202e-12,1.0042830150967759,5.575724084115839e-11,6.32357994453134e-12,1.0879072256018691,0.8648464540508668,0.8014397317021007,0.6857222157671047,0.6329899403087486,0.8524216774051854,0.8240376549217762,-0.7665799576013194,-0.784930015293214
S032,T0,2.3077843304314653e-11,1.358641081556539e-11,1.5476867179910567,2.7848499484522875e-11,1.6780481306461672e-11,1.4978488895072122,2.0466108167550836e-11,1.497394322395666e-11,1.606617036092459,0.39189095605941143,0.45600914247938235,0.5029580723126736,0.22972932189584577,0.47502790677320683,0.4881831438270644,,
S032,T1,1.921495576141055e-11,1.0157569734802826e-11,1.5312991934024789,2.2838773077046954e-11,1.1780671232700288e-11,1.5932875223215288,1.7035031228287895e-11,1.0899800706959956e-11,1.7228884820730237,0.4884541000806677,0.5834730385150475,0.6252758478857577,0.36916887619548705,0.6975895621845052,0.42506425038370027,-0.7215255581651975,-0.7195812190704114
S032,T2,1.6505645492412863e-11,9.266247949737253e-12,1.6001304266828538,2.4148834538803832e-11,1.2033271735828226e-11,1.5610048273614816,1.7883961664981402e-11,1.2173799745380913e-11,1.6371686485486208,0.7335557412282392,0.5709624104928684,0.5081664875478609,0.40059282554619985,0.5882608156494887,0.3930821329055193,-0.7215255581651975,-0.7195812190704114
S033,T0,2.462468478233074e-11,6.667592948937234e-12,1.4776283925445761,7.33451034744095e-12,3.4237209789650103e-12,1.4411142281590208,1.2866322343752447e-11,4.7129835413226476e-12,1.3174115892732248,0.7082582760571048,0.6542810440375467,0.34505894109991664,0.32627677557367296,0.46249465606875384,0.579463921711852,,
S033,T1,2.141976044609621e-11,4.668295243426689e-12,1.4518125682600376,6.297733419783524e-12,2.895118611907084e-12,1.4453496608429304,6.359310219263852e-12,3.35435998390117e-12,1.4226799700618498,0.6814769731000982,0.7466710668122359,0.5391066812696181,0.520592906848794,0.8270795409514764,0.7322083274778286,-0.902897858344534,-0.9003639321370958
S033,T2,1.0262512727167046e-11,4.2395177422989275e-12,1.2917390632521262,5.5820648310926486e-12,2.8808849698519164e-12,1.31271173702133,1.0624279717770746e-11,3.585586226129791e-12,1.3343605748126668,0.7206689436108277,0.7375241601729237,0.35616860809107387,0.5238356005605629,0.6781194215578814,0.7298917223704878,-0.902897858344534,-0.9003639321370958
S034,T0,1.305991668396694e-11,7.913643845888268e-13,0.9644477774844061,1.043784394509004e-11,5.984416628030188e-13,1.1404687555476323,9.692070706257057e-12,5.541630527742529e-13,1.0852065433718152,0.7757711350485984,0.7333186839957037,0.5435996728956181,0.41093991512922445,0.7040007891898459,0.6806221761139779,,
S034,T1,8.715318914826606e-12,6.967399872227449e-13,1.0225255498272336,6.418138018016453e-12,5.575586390809294e-13,1.1765290949858904,4.903803607022453e-12,4.712545949211694e-13,1.0724118556887121,0.7500382699196881,0.7155136728538511,0.5969806448938689,0.40697725344051855,0.6867124158539604,0.5890304832223114,-0.812262221536593,-0.7744510926729811
S034,T2,7.444195518467814e-12,6.546341353995671e-13,1.224689600182642,9.588401404471854e-12,5.822175868903125e-13,1.137811705061692,9.603693022499069e-12,5.240517566931883e-13,1.0586132547950626,0.8591724182190149,0.6828810933955554,0.43309749131939845,0.40288798982109475,0.569479811544108,0.6301187626755517,-0.812262221536593,-0.7744510926729811
S035,T0,1.5090716396270924e-11,2.2028609560789325e-12,1.213530579169069,1.2893327487966826e-11,2.165700793497645e-12,1.2210061712113816,1.3593778362114506e-11,2.1342712833967095e-12,1.1416722783788067,0.6122991737007697,0.6718115977144761,0.4564063296227386,0.48599395678127744,0.6718236775975317,0.8400249210783635,,
S035,T1,1.0339521741579091e-11,1.634269079951704e-12,1.2419316876587951,9.327581478729698e-12,1.5745812578929314e-12,1.2172998627015876,8.978624540824824e-12,1.5163075258406871e-12,1.1892475490819565,0.668633960304366,0.6384533333372635,0.5930983322399486,0.4659843920746263,0.9402983985287008,0.8740664678586062,-0.9708931932902015,-0.7678970845114781
S035,T2,1.0788119800744299e-11,1.5664664171975715e-12,1.3145813702326212,9.891484578723706e-12,1.6608303422929604e-12,1.2974737477079632,1.0038283033512018e-11,1.6546209506669637e-12,1.2212575956297747,0.7022827509846584,0.6558802494793127,0.46292311866105157,0.5274414175801254,0.8426098742004906,0.8693199707527812,-0.9708931932902015,-0.7678970845114781
S036,T0,7.766325369261303e-11,3.13604862490679e-11,1.3114229718743549,7.863061973045967e-11,2.8429292400039408e-11,1.1863626297639354,5.695398515755456e-11,2.336042395719666e-11,1.238900463755512,0.9311021442708642,0.7734363982961128,0.820872151941556,0.5862595404564706,0.9392047505023752,0.7956514114477145,,
S036,T1,7.884085575919278e-11,2.7075575848674675e-11,1.247368888889698,8.206212188104124e-11,2.543625527263361e-11,1.2058410113910425,5.705958409142636e-11,2.0505369432690176e-11,1.253931117112855,0.9348651972955806,0.828281071066891,0.7517171990464696,0.5795636696657891,0.8706854583628237,0.7829493462920025,-0.7373584094630674,-0.7387873484025702
S036,T2,8.590589601396771e-11,2.6164669598984504e-11,1.3322271398496148,8.97739346344449e-11,2.53249792588207e-11,1.3446275715857594,6.112200386726486e-11,2.0966217840251582e-11,1.427005083802933,0.9205707437285351,0.8247245149588274,0.8210640804304496,0.5200561207130707,0.9226084381866975,0.7654934681580253,-0.7373584094630674,-0.7387873484025702
S037,T0,1.58514319354074e-12,1.28910369312003e-12,1.7845845505557598,1.2871333109943848e-12,8.413716408776911e-13,1.708044905076147,1.2743661649479826e-12,8.425175887907382e-13,1.658610485786013,0.8158304537678965,0.6618235158663851,0.8042873623245048,0.6569646527241898,0.9974376498085964,0.9971874102015013,,
S037,T1,1.5065430715986585e-12,1.316368728239948e-12,1.6629050082055825,1.1852374153028395e-12,8.872552604108803e-13,1.6692907804016959,1.175118670829902e-12,8.907971543546987e-13,1.646963187450056,0.7812644426364439,0.6188945233046869,0.7710968084680943,0.6093112799422754,0.9970814363153374,0.9959409887790069,-0.7054614261472588,-0.6998716762191437
S037,T2,1.4457823751863518e-12,1.2393733453082668e-12,1.6290833502773687,1.2224852769175091e-12,8.437434350310929e-13,1.5842082140582203,1.2151349854022796e-12,8.479148885925926e-13,1.5693750883840694,0.774595329313609,0.5870403195952283,0.7603960742426208,0.5748540005601533,0.9975066865320503,0.9965121074458698,-0.7054614261472588,-0.6998716762191437
S038,T0,2.1884871227138216e-11,8.66260193142571e-12,1.3947356445218468,2.2102609644308108e-11,6.81067795170675e-12,1.2896092418813343,1.3409569983710023e-11,4.804814378804819e-12,1.406012882610918,0.8457196538085661,0.6606199248814689,0.5298247945769035,0.37923278922416787,0.7553047643556229,0.6514631833947563,,
S038,T1,2.2608995244175837e-11,8.637590341887242e-12,1.523607854810143,2.3928981930296642e-11,7.037120533468809e-12,1.4205633462768679,1.4252258517426373e-11,5.009151614666737e-12,1.341864069525665,0.8043380978282546,0.7000300750821761,0.5256040066788005,0.37123840767562033,0.7683332395521103,0.6706728807204735,-0.7194644966905476,-0.7077237269612262
S038,T2,2.479781046048585e-11,8.984641823623907e-12,1.5726301274110497,2.5881061109574513e-11,7.175196356263175e-12,1.4475145873931712,1.5255575467917402e-11,5.00125605938083e-12,1.4098022798150385,0.8177220075129792,0.6866577706850413,0.6591787869759436,0.48124519922375153,0.8303347158956934,0.761996901517012,-0.7194644966905476,-0.7077237269612262
S039,T0,5.835250847097697e-11,1.776187523999946e-11,1.4264152035460447,6.555234504939362e-11,1.9538757386980892e-11,1.389799447077837,5.790578595732251e-11,1.7601162164556353e-11,1.4798173424301062,0.6703854496290517,0.5807322210818809,0.5129117013334754,0.3463992246103595,0.76520655382284,0.6493770670867752,,
S039,T1,5.3749928981962376e-11,1.4446169698937842e-11,1.394460095751731,7.118816122787339e-11,1.7019189607885895e-11,1.395897228453232,6.060183491696232e-11,1.6530825227996314e-11,1.3957628059359573,0.7928131738086158,0.6480292155039713,0.6071415017616297,0.5171553731655257,0.7926528460653648,0.6796046625040493,-0.7231999633097344,-0.7355914585656503
S039,T2,4.825201529072811e-11,1.6100100220652555e-11,1.548958749697166,6.20167909965796e-11,1.6646505732012702e-11,1.468483160852166,5.454169927519051e-11,1.609049446849842e-11,1.4436702083953405,0.6571564953179195,0.4736701065133633,0.48961807508216904,0.274693456778261,0.6832330029713838,0.6658032104919263,-0.7231999633097344,-0.7355914585656503
S040,T0,1.1354460267615562e-11,4.228971571312742e-12,1.4816045409242156,1.476820013741995e-11,5.522278055917077e-12,1.525632724244099,1.0370466279497677e-11,4.0107535053542396e-12,1.5209319615653678,0.7275088781210968,0.62148160691902,0.548251816640565,0.48009057819184087,0.5804415461632113,0.5462630663023967,,
S040,T1,1.1344464951565684e-11,4.218354669972665e-12,1.7201110239046709,1.651998457259262e-11,6.195750761033856e-12,1.5697501641668576,1.0244448416723801e-11,3.860946399229781e-12,1.5429394298683212,0.6423697258626286,0.5862487244536468,0.36213535800053287,0.39304077892754263,0.5943972666579179,0.5548345966265399,-1.0192288732064232,-0.6971208337705421
S040,T2,1.1273071195663755e-11,4.269759772971212e-12,1.5825472519844328,1.4515236812306427e-11,5.5998173774705025e-12,1.5194862681749475,9.921098103319496e-12,4.085971539436181e-12,1.582894329204926,0.8048044370821013,0.7362495546509316,0.6314692559803771,0.46655019521586455,0.6562375809419433,0.5607195244529374,-1.0192288732064232,-0.6971208337705421
S041,T0,2.3221707357444954e-12,9.653920207861547e-13,1.3228642827339032,2.256814654951287e-12,9.425534207646176e-13,1.2866593665811874,1.776738126528817e-12,7.822869163594158e-13,1.354123649026052,0.6471150554173727,0.670552378858641,0.3853795731489754,0.42104063762725985,0.8125284767090695,0.7861974123171445,,
S041,T1,2.372104049953487e-12,8.54559618532442e-13,1.3144462769336063,2.2598053541745212e-12,8.623184742899639e-13,1.291994654140612,1.6837254009498535e-12,6.855648126570218e-13,1.285324631879554,0.8881693257179577,0.7806914074403345,0.7223306759546257,0.46587857284869444,0.9003276729035561,0.734199491144731,-0.7278626399266875,-0.7133290134215305
S041,T2,2.3278851987817796e-12,8.726979336948722e-13,1.2477847828239743,2.3683112730065403e-12,9.17207324057685e-13,1.2033232427571405,1.810684934874421e-12,7.56092910796192e-13,1.2258082244691184,0.8807547944205704,0.7864151167919345,0.6781930650075956,0.5791717401670964,0.8968163716124236,0.8064439450727442,-0.7278626399266875,-0.7133290134215305
S042,T0,1.3656021513994714e-11,2.535955834409473e-12,1.0790038172797334,1.5099672893590077e-11,2.6953857207771794e-12,1.2293717778473834,1.117337501448604e-11,2.5640057827540473e-12,1.1640852021849508,0.6032553923110289,0.6721761262748208,0.4133753549522327,0.438587244301449,0.8385898824590545,0.6786292319636723,,
S042,T1,1.576498080975067e-11,2.4631313209843954e-12,1.1835768025676658,1.4007007507878062e-11,2.0223064017180707e-12,1.2884260699754027,9.778713354490492e-12,1.8149355491255463e-12,1.2472866613951958,0.43832174069139673,0.5610735361012001,0.3196057014798165,0.4097482183601625,0.7556267761964168,0.7158257321459355,-0.7482437375443639,-0.7542834144582157
S042,T2,1.1918633495342681e-11,1.9120392514266143e-12,1.3155054809232887,1.4354661708987642e-11,2.173221169846387e-12,1.25005313299273,1.152600096752882e-11,2.5222090341607283e-12,1.2011809766126689,0.8034268441323098,0.5976740762277358,0.712590626489549,0.41099219178778135,0.8751666212095683,0.7786361242465711,-0.7482437375443639,-0.7542834144582157
S043,T0,3.187233806356309e-11,1.2922474723675085e-11,1.47206591959851,2.94481316436924e-11,1.5231978482290745e-11,1.424974145049145,2.2745555001123087e-11,1.0410571546443144e-11,1.449688667020184,0.6433168947276618,0.49889984733281373,0.45072059734804004,0.3208655969087028,0.586770739657853,0.6213948457648762,,
S043,T1,3.054595155789751e-11,1.1974786193020178e-11,1.4907228836716728,2.7646150753866916e-11,1.4532332071276487e-11,1.4077262218731634,2.00550140927379e-11,8.972625993625993e-12,1.429521837111723,0.6634037770350186,0.5270453497490101,0.4816511296308238,0.43800270260164614,0.8442154745655798,0.6111075480518455,-0.7359889737820824,-0.7403573338735542
S043,T2,2.556194318216473e-11,1.0348937526503144e-11,1.4088983129343813,2.8202410177967155e-11,1.4438081723639993e-11,1.3378821973329598,2.102267138220871e-11,9.035297991186045e-12,1.326579519502675,0.7886461270694883,0.5055565663564855,0.7230274280809235,0.4367438313299754,0.790845068940181,0.6555414948768564,-0.7359889737820824,-0.7403573338735542
S044,T0,1.3148845454698076e-10,1.5241383673778864e-11,1.543798930729651,1.2874645866259608e-10,1.4942439975661185e-11,1.4108199032896915,1.3001770320903087e-10,1.172667844707878e-11,1.4480361454600001,0.7688466987340512,0.6925675248778654,0.6202025762397609,0.5089633894126809,0.7420476057529811,0.7127785521648208,,
S044,T1,1.474370731934669e-10,1.3345138462120189e-11,1.4352411546263175,1.5620272477543913e-10,1.3722773865939358e-11,1.5043201446837655,1.2794961287356995e-10,1.1016317629462916e-11,1.4312457489821568,0.8643144666818796,0.7127117273401907,0.6051337110228606,0.5237184438931445,0.738308327169132,0.7127831631373366,-0.842052216338816,-0.8177893034814526
S044,T2,1.1010161199712177e-10,1.1579659899758506e-11,1.6070821987416413,1.2095677158856076e-10,1.3147724858808042e-11,1.5823989169860129,1.1633288284612398e-10,1.0653976333100876e-11,1.549333988364395,0.7704746817008238,0.7682005472165316,0.546968555644776,0.5565052416925428,0.7220987872039044,0.6740317696137176,-0.842052216338816,-0.8177893034814526
S045,T0,5.654889870321485e-11,1.9724816218611957e-11,1.6301314083860816,5.592364260079262e-11,1.8855714493723888e-11,1.4666198342413737,3.421982520888552e-11,1.3547074971690184e-11,1.6676513794780696,0.9043795326881684,0.6738112086412106,0.8310408992616871,0.3931402341861216,0.8910717304044103,0.5826196599881329,,
S045,T1,5.49185616041594e-11,1.7783504244088535e-11,1.6770868559860639,5.215720085617323e-11,1.4734979757812047e-11,1.555611046891457,3.1126061606108174e-11,1.1488666809575724e-11,1.7841548698428358,0.8499988614823395,0.7460026912489999,0.7022392711282315,0.47428265404048525,0.8755942319266177,0.6709401663411747,-0.7204999390282154,-0.7897186076021107
S045,T2,6.243359547877282e-11,1.6526092259126915e-11,1.5792357390432772,6.234873105519632e-11,1.3549564507403454e-11,1.4673902547780857,3.6801013804543854e-11,1.1833082884739636e-11,1.6949667094635075,0.8268003908226056,0.7136492989740396,0.5768437900819923,0.4010890774986358,0.804489017684124,0.618380152892421,-0.7204999390282154,-0.7897186076021107
S046,T0,2.6958225470856003e-11,8.710654315962209e-12,1.4291412445146108,3.303440511511375e-11,1.183661951836752e-11,1.449764378631297,2.6508472649354146e-11,9.366538529180721e-12,1.5190792740400105,0.8117641556226027,0.78455052603915,0.7310263015691628,0.6566693771143657,0.7603774372719477,0.7781513771564379,,
S046,T1,2.577470269834339e-11,8.389680502111982e-12,1.5451152508036659,3.093118082801944e-11,1.1084666829804346e-11,1.5765672455995856,2.3869371480123538e-11,8.579714238838947e-12,1.5680237931555994,0.8403209627652463,0.7631606544497141,0.6414304612376577,0.6418795282710026,0.827800559972119,0.7914276783834334,-0.7450522338893221,-0.7044757861075341
S046,T2,2.5632391949300088e-11,8.259807009028393e-12,1.4636686215795935,3.1233265140234594e-11,1.113661381453468e-11,1.4161872851079556,2.4640769587406934e-11,9.073568247610901e-12,1.4775274975185064,0.8989377324289832,0.7175260662058947,0.8386843625165648,0.5638083714173626,0.8987185102190762,0.7686405031791615,-0.7450522338893221,-0.7044757861075341
S047,T0,5.736541283821228e-12,1.39092022882925e-12,1.1098722836822172,5.93627682721351e-12,1.390349600652089e-12,1.125272170874385,3.5750863350094805e-12,9.739707772482726e-13,1.1203396019605325,0.9023514428429142,0.9442272457643235,0.8490113849211965,0.8519098187031039,0.9245403224725215,0.9272831370855749,,
S047,T1,6.058314322868166e-12,1.3941993551057363e-12,1.0918298564323572,6.411867625242311e-12,1.3959243786932506e-12,1.1343345966609848,3.8895996378054155e-12,9.739360242306933e-13,1.258387830476665,0.9320994846077812,0.8861192337426063,0.8363168438628185,0.7526655610597655,0.9292978302824182,0.8833742419381244,-0.7339065619457865,-0.7289838204659747
S047,T2,4.956213830508629e-12,1.3162667147915029e-12,1.183679490625135,5.241850690775754e-12,1.2678962386648687e-12,1.1935173333796625,3.2500177108289904e-12,9.022229476542305e-13,1.23709555819366,0.944462444028477,0.9396334205590158,0.8373443521230971,0.8567795974892928,0.8890787154977188,0.9296702598724049,-0.7339065619457865,-0.7289838204659747
S048,T0,4.193620651873863e-10,2.861132600253911e-11,1.2946891503218814,4.526150427574041e-10,3.34469593676299e-11,1.294683953316396,3.2885976947995403e-10,2.3819390900952462e-11,1.2684977206691774,0.7454766332098326,0.7168390732844879,0.6439415493954622,0.4740761539786173,0.8239769433444217,0.6747116807432396,,
S048,T1,2.9607886156045453e-10,2.6840135999457556e-11,1.3285174485253364,3.3240901975938957e-10,3.036849224324068e-11,1.2271290447917678,2.5491083536390715e-10,2.0951170824532697e-11,1.1694736005513553,0.8071450560072775,0.7493392867560911,0.678078948110878,0.6432995606377162,0.7427265360885567,0.7885689904685843,-0.7950059177262045,-0.7813347097343097
S048,T2,2.5413084722744387e-10,2.2772691979456057e-11,1.2882714045883816,2.9845991612354284e-10,2.654976008810382e-11,1.3581570378222911,2.311639221295148e-10,1.977015839748248e-11,1.3646965187377822,0.794732100220642,0.676184031187409,0.5658831036131446,0.5616854078662019,0.7858212696220688,0.7614850948562114,-0.7950059177262045,-0.7813347097343097
S049,T0,2.763027492699245e-11,3.484396292810483e-11,1.401085099121287,2.616554272472753e-11,3.1470642516165476e-11,1.390381162565526,2.0868139051272884e-11,2.0045408230678717e-11,1.3928468510997387,0.7090022976494462,0.6351611709010917,0.5808406418425236,0.2867915243545052,0.6700189310191325,0.5119597639133188,,
S049,T1,2.7867559168569476e-11,3.244696503754496e-11,1.3513421453523464,2.787971672422495e-11,3.218297013516059e-11,1.275618504690206,2.1314755340364e-11,1.831967990283697e-11,1.340536318583876,0.7560122411461885,0.6731253623467183,0.4990371065185931,0.3329494659324301,0.754811128743799,0.5731767765233269,-0.7152913671070646,-0.7347278072344808
S049,T2,2.580955339484847e-11,2.9680789303164316e-11,1.3741238254996355,2.42627529909308e-11,3.092794326752563e-11,1.2119267846469064,1.837457485978403e-11,1.9459511880359258e-11,1.351286538156663,0.7371833839207916,0.6737887015202114,0.5183788423338486,0.31800527487287,0.8178225257843597,0.5654353920622261,-0.7152913671070646,-0.7347278072344808
S050,T0,7.597546852937534e-12,3.144706175510981e-12,1.4183520576465576,7.712998160803244e-12,3.2606374249608853e-12,1.4470610586629267,5.484542555825584e-12,2.7409857137945683e-12,1.4431166969865867,0.9338096148311584,0.8574723407888821,0.8415017995545184,0.691926877438208,0.9364188767137762,0.8374146944300865,,
S050,T1,7.689037961096124e-12,3.243283565281321e-12,1.4520193963583106,7.686377045479575e-12,3.4486852762874493e-12,1.4519070941831695,5.336767022158171e-12,2.8077575375113595e-12,1.4632430069191444,0.9433035725351714,0.9414999698202676,0.8384642355189552,0.7848267296985182,0.9171201212575681,0.8696950680122539,-0.69959747878644,-0.7020357675930063
S050,T2,7.529265347603014e-12,3.1078096152684277e-12,1.5236710906766753,7.837742192281002e-12,3.3184988223292917e-12,1.4709300096772957,5.4582693616284485e-12,2.7675995551619768e-12,1.4284220355323636,0.931104041136382,0.9183612408469352,0.7544837440901373,0.7541736034308892,0.8802966158571097,0.8527698924891781,-0.69959747878644,-0.7020357675930063
S051,T0,5.184932589217635e-13,2.509185913408412e-13,1.6419519872889852,5.746585903779547e-13,2.632391219414259e-13,1.6193882432872684,4.064881591276599e-13,1.8479210709597703e-13,1.52677895876833,0.8536800172946613,0.7404345740917841,0.7948044734651579,0.5235816527931917,0.891235388600849,0.743872440128339,,
S051,T1,4.991404282332145e-13,2.3045189555237044e-13,1.5817937457686637,5.478993054584732e-13,2.404962248250235e-13,1.4495249931226868,3.832455290079135e-13,1.7368791051077277e-13,1.4966319295667543,0.8858252356125371,0.7893912527987651,0.6540292576790054,0.6289563693771053,0.7654679881930357,0.8319743970821952,-0.7015398145706437,-0.7124001611829869
S051,T2,5.266206566559173e-13,2.296828295838037e-13,1.5760040940489206,5.889030627809475e-13,2.2999661826782756e-13,1.5263467619373294,3.9685834128666425e-13,1.5831163781111088e-13,1.6338160525494527,0.8682247651747504,0.699005052155459,0.6906848421899723,0.5115129431903015,0.8302749421948322,0.7593024149091666,-0.7015398145706437,-0.7124001611829869
S052,T0,1.2959087682084356e-10,1.4945311804736335e-11,1.3508808244538915,1.3690240238139423e-10,1.5377094625150807e-11,1.2388262837269994,6.72209353379768e-11,9.415453651174429e-12,1.393416142868854,0.7919240486898584,0.6686189037845043,0.6409876764760063,0.5129104479759937,0.767583473505736,0.6182898383715499,,
S052,T1,9.358019798668355e-11,1.3677832847629041e-11,1.337540064312956,1.0036172364174434e-10,1.438816551677655e-11,1.3280306694663988,4.903949396268885e-11,7.820388809356382e-12,1.3758286101648698,0.7833558376005616,0.6885058169771715,0.579918686079103,0.6393577870526627,0.7115024865253186,0.7460298612101618,-0.7957945910190957,-0.7683105473192692
S052,T2,7.64149704109703e-11,1.2181273082014328e-11,1.3575144922991123,1.0110130873404898e-10,1.5882870992579716e-11,1.2957258629303836,5.170092961654576e-11,8.913890601983209e-12,1.388929774254905,0.7213966374574813,0.712155756249089,0.6820544918640324,0.5838430213606324,0.7774459003810091,0.6644681070668553,-0.7957945910190957,-0.7683105473192692
S053,T0,4.726456302587672e-11,1.709017382845399e-11,1.250195426503469,4.028839339783494e-11,1.4556625620206494e-11,1.3209582205272032,2.6096732863549682e-11,1.2288095238567177e-11,1.47365267770548,0.9481258311283889,0.8517443837157848,0.8344322814060627,0.5819245250388472,0.8974186758045128,0.7632385818075546,,
S053,T1,4.5569322653426743e-11,1.695575367814007e-11,1.3174818485476674,3.7491898978594675e-11,1.4664783242097596e-11,1.3502067309515453,2.4155623274142577e-11,1.1772207950263182e-11,1.4736953130881512,0.9348146667048127,0.8844789624824346,0.8598519566767668,0.7198689852022103,0.8829464724677862,0.8461225332686295,-0.744793243127035,-0.7624146349045772
S053,T2,4.410514413148386e-11,1.614612432497114e-11,1.2977122715497338,3.8722139072475e-11,1.4723360609994035e-11,1.3430254862469497,2.5707587428837966e-11,1.2014268034276002e-11,1.4911739919403662,0.9187432655072991,0.8224945129255475,0.7865491792397235,0.5840115728865402,0.8228016973541458,0.7960304012409258,-0.744793243127035,-0.7624146349045772
S054,T0,2.0682234714470375e-10,1.4573269259417735e-11,1.1002716466404199,1.5680416072538184e-10,1.1846201045103578e-11,1.204181289680595,2.0672146640267436e-10,1.2434590564873765e-11,1.0624644748905172,0.7701449157050798,0.7929012029150916,0.341857001095189,0.45035668932008177,0.5431797311341451,0.6066779751241717,,
S054,T1,1.2347963498237723e-10,1.214637729228482e-11,1.086134306380695,8.90874042490973e-11,9.769369347364606e-12,1.183542188322843,9.905058187333459e-11,9.024659272714378e-12,1.215565104268504,0.8298480956905478,0.7417870538762651,0.33976194727591796,0.3543598287963324,0.4861811574385752,0.5231455672194312,-0.8489230117089203,-0.7550754789908026
S054,T2,1.5036334159914534e-10,1.3320715213167272e-11,1.2630698082027665,1.4529683520810633e-10,1.172068257688332e-11,1.3093722865893862,1.9813386371472508e-10,1.221012212722797e-11,1.2250262135237684,0.6867050329080404,0.7905359019884834,0.2538645994794755,0.4512339126826066,0.4988201259942319,0.5841426739156317,-0.8489230117089203,-0.7550754789908026
S055,T0,2.20331118508521e-12,3.9297269951736973e-13,1.3313297757961273,2.4120929509615395e-12,4.884506190039535e-13,1.2622150247889503,1.8956440451893277e-12,3.539607712350337e-13,1.3050558325958872,0.9045146074203945,0.7642865557019712,0.6536083112813136,0.5791717898738229,0.7578729045505237,0.7775553474340132,,
S055,T1,2.1671648807202975e-12,3.30503032400558e-13,1.3915903013586592,2.3669559221624602e-12,3.789063082470801e-13,1.342710401338879,1.8275459512229986e-12,2.8255051868287593e-13,1.3299522024632973,0.8543900030807995,0.8154027318430855,0.6854464696010851,0.7365657727832807,0.8218110697704198,0.8513459244167448,-0.732538249715833,-0.7100588982770366
S055,T2,1.7329132051754568e-12,3.2187047811802833e-13,1.4109141643615097,2.0217601092780117e-12,3.8489671093452285e-13,1.3599829213298984,1.7375514084256021e-12,3.07035527832359e-13,1.3782303924896147,0.943514471745744,0.7926534106706283,0.7993618081357997,0.6558344022961923,0.8472958910538981,0.7771192862500068,-0.732538249715833,-0.7100588982770366
S056,T0,1.5421655740759705e-10,2.0086638180135904e-11,1.2453649395540884,1.5085405308858252e-10,1.772595578882998e-11,1.076561243913171,1.0968288991240884e-10,1.5737913307298553e-11,1.32960608298686,0.914880919394863,0.7433161284070333,0.6369222142694452,0.5919300761979885,0.7779312270210782,0.8177606470271804,,
S056,T1,1.6172665882254656e-10,1.991485513468167e-11,1.2560935294425326,1.4738347559702067e-10,1.7618849734714212e-11,1.178852577385799,9.674524238341726e-11,1.5067334051812217e-11,1.4120411311408632,0.8535050669769004,0.8201337619055169,0.6660400014630051,0.6278160208449323,0.875649249295168,0.8536933142291314,-0.7317034674854567,-0.712173366335219
S056,T2,1.522037661068465e-10,1.919938269119228e-11,1.539361457134283,1.5024597559234603e-10,1.7382508932368223e-11,1.3609904055656634,1.0798441652283871e-10,1.5558279493368232e-11,1.519938157498817,0.8353903257057842,0.7665220312475064,0.5866429787834104,0.569099954106305,0.8062480292963203,0.7557956719508833,-0.7317034674854567,-0.712173366335219
S057,T0,2.9334035946042247e-11,1.4277082488454545e-11,1.6139691157254141,3.114811894170679e-11,1.2909204532800904e-11,1.5642479542992518,2.1819522491779638e-11,1.1216923129922687e-11,1.7151138357589477,0.8142716520634625,0.6839632152289402,0.6193779221210081,0.4083215670446026,0.7839055458812199,0.5421801452030575,,
S057,T1,3.1468456981167964e-11,1.4116966842478428e-11,1.493802568835176,3.2620461865765985e-11,1.3241579910267512e-11,1.4200522243119567,2.2207646430736986e-11,1.0636891864187276e-11,1.5420198044231266,0.8992239638172477,0.7402773522727831,0.740965564742867,0.5156672468979403,0.8256178582790104,0.6718754828260095,-0.7574400645246542,-0.7225934504602937
S057,T2,3.068181167274447e-11,1.4359901496155383e-11,1.5418914946068518,3.2201209665274925e-11,1.4132212787100694e-11,1.4762915053773742,2.346708388046027e-11,1.2391907020634115e-11,1.6313157957860849,0.8374558677194696,0.6127742103846063,0.5031511004579761,0.3754614329403981,0.6839071887486216,0.5538167050023878,-0.7574400645246542,-0.7225934504602937
S058,T0,1.5190505085777394e-11,1.0241602339054235e-11,1.7219890086372809,1.5256142843691538e-11,8.629044388112904e-12,1.719342543389211,1.115118944473483e-11,8.525373073758396e-12,1.6794739735308664,0.9094111280525985,0.8307273564441319,0.6793134141603605,0.5986067435706312,0.8409143323771902,0.7743523524883883,,
S058,T1,1.3344218381558176e-11,9.759891265599452e-12,1.6885632356082538,1.3498450638886414e-11,8.443423959870962e-12,1.6725997001454453,1.0585251632419211e-11,8.739973438340871e-12,1.660613803985704,0.9566400879393762,0.8825064849825898,0.7422569639918668,0.6319679837676381,0.8226717934671501,0.8242305901227301,-0.74182260299537,-0.7088754977464633
S058,T2,1.3076285307436843e-11,9.511142897034587e-12,1.6129714850154115,1.3953971866110575e-11,8.154893272533776e-12,1.586984767812516,1.1101063046107287e-11,8.45369693708332e-12,1.6787360808246596,0.8123352872663674,0.8396565909223657,0.6693735080491774,0.6090236323993371,0.804584134770128,0.8047861137256359,-0.74182260299537,-0.7088754977464633
S059,T0,6.051341572012339e-11,1.7367431528596853e-11,1.401310314958075,4.633741628469455e-11,1.2938207848792976e-11,1.396693576037342,3.3137018654815675e-11,9.045677069238464e-12,1.3430047423121985,0.7718995085768533,0.7857013098794685,0.6469518176033133,0.6600681803747952,0.8681446103002606,0.8382108778615003,,
S059,T1,5.967747155952084e-11,1.5493063848139017e-11,1.328821501645001,5.0091707150013245e-11,1.2501705745050968e-11,1.263680827448239,3.5660212870840196e-11,9.110491240142213e-12,1.2943275726023067,0.8023646820804364,0.7285859807150477,0.7345042600045677,0.5376886956070612,0.8543932043426277,0.811145359383941,-0.7219566214232724,-0.767751905377788
S059,T2,5.724235978442489e-11,1.6861924199064045e-11,1.3677612467359697,4.575148584098397e-11,1.3434206633820238e-11,1.2389366381604907,3.228469119728685e-11,9.378851755383759e-12,1.2029140429776939,0.8182210046655304,0.7996824718284892,0.6884157854477067,0.6582888820708329,0.8808199302491314,0.871690863197553,-0.7219566214232724,-0.767751905377788
S060,T0,6.570638111254522e-11,1.507075825052605e-11,1.3749854556003316,5.382120250130956e-11,1.595041601325192e-11,1.4816349042210646,4.515083941600571e-11,1.1982332632361221e-11,1.335228883113323,0.7136763960852475,0.5799855650671987,0.4814957764231209,0.47978583203489095,0.6084979380902046,0.626421147788078,,
S060,T1,6.106064194772663e-11,1.4833426376156515e-11,1.4701502830551165,4.9963674061291436e-11,1.5782896916615866e-11,1.4953629290040136,3.479607850044186e-11,9.993360384522055e-12,1.37755329319867,0.5943797280918958,0.6139076099209463,0.4248579066382465,0.3467958610316154,0.7103755130609186,0.4858835289524453,-0.7542241813377596,-0.7473254284514685
S060,T2,4.640434572731801e-11,1.3164195338512529e-11,1.4445569630994746,5.85191842825216e-11,1.6409117289471098e-11,1.4772262648504597,4.700970953438804e-11,1.1614669637169837e-11,1.3738022753455266,0.6901372902659291,0.6791820355789299,0.6506106729375466,0.40196153634007764,0.7188275394025065,0.5767168204752301,-0.7542241813377596,-0.7473254284514685
S061,T0,9.196184885324834e-11,2.5975705399254988e-11,1.3658806448912575,1.0311500458787095e-10,2.6072202525606864e-11,1.349539891755046,9.17929154584877e-11,2.4875703306021083e-11,1.4301214118559171,0.935773991195345,0.82986190748506,0.838344470772879,0.6125581015597171,0.9145703447619263,0.8362294759559754,,
S061,T1,1.0281419352026203e-10,2.4620482966966745e-11,1.441962585098841,1.1557267343828156e-10,2.5564622983873684e-11,1.4698298043796818,9.825395960836302e-11,2.3692540418194856e-11,1.4407760602891106,0.9016201417700328,0.7846046054867236,0.8442607446283843,0.5817564844603603,0.9573047083341901,0.85152607594046,-0.7740608873938543,-0.742712993098145
S061,T2,9.228020540276718e-11,2.4878116414454924e-11,1.4903975224979853,1.0340689580022959e-10,2.580839506374952e-11,1.47645155045581,9.126185652508304e-11,2.5066351188811307e-11,1.441065064656252,0.7461668530494899,0.8083218849427067,0.7094814613115131,0.5895949565368068,0.9076882988771677,0.8040910672747748,-0.7740608873938543,-0.742712993098145
S062,T0,1.3835340928480602e-11,2.1675860781550783e-12,1.4333182263835866,1.6225283570331322e-11,2.3189607569017225e-12,1.4258114144738885,1.2993225005556895e-11,1.9198685739690114e-12,1.4178084654366074,0.7603382263780498,0.7924539571403201,0.43390626840824165,0.511951547355464,0.586224132092082,0.7181715180504428,,
S062,T1,1.0969820613990838e-11,2.049508347363146e-12,1.3163574463862107,1.342056257103994e-11,2.2202133292441125e-12,1.3413350527102195,1.020412032270716e-11,1.7680484317272348e-12,1.42091053945965,0.6932468872716511,0.8312645732155604,0.5582535637177841,0.648160642095024,0.7732447595317948,0.8177003894727919,-0.7624525797199441,-0.7535344242353864
S062,T2,9.566170982212415e-12,1.9020915957626717e-12,1.3439388491612378,1.2146126120495419e-11,2.067846659342887e-12,1.246532418744732,1.1053443948999327e-11,1.702849022793631e-12,1.3657462065811496,0.8230895703024432,0.8017612283418283,0.4868475880978049,0.5800452433185326,0.6289994545688063,0.7710440649699962,-0.7624525797199441,-0.7535344242353864
S063,T0,8.980465835767833e-12,6.422525042612696e-12,1.7409288554519258,8.367734598607422e-12,4.141814286089879e-12,1.5958225104161028,6.895544039496753e-12,4.841446036092997e-12,1.6778794215204298,0.8499452199144963,0.6903790482824939,0.7041839530874656,0.4472945943047012,0.8591153868378795,0.7915628440215341,,
S063,T1,8.564179228318297e-12,6.490234022357534e-12,1.6937700498699282,7.296130517244526e-12,3.912152611106193e-12,1.6846258669048506,6.081529969608452e-12,4.6227209327329275e-12,1.7714695437342123,0.7706440200099005,0.5797267255866377,0.6339791115341621,0.44642579441751856,0.8281668223475802,0.7660949744666151,-0.8221535315500672,-0.7144524475899005
S063,T2,1.002690485683889e-11,6.9338675562820656e-12,1.6790172151867189,7.809914209214896e-12,4.0579522454170484e-12,1.8271438881011923,6.432260088541926e-12,4.886575627463126e-12,1.729199724334866,0.8041598603931532,0.6950772026370078,0.6688395999475935,0.4651311331473845,0.7972841654825507,0.781985083421187,-0.8221535315500672,-0.7144524475899005
S064,T0,2.625615982391561e-12,8.669474453618439e-13,1.437757214774867,3.0739777136550334e-12,8.83188506644321e-13,1.4895204042490844,2.1085571647409644e-12,6.914595833006342e-13,1.609610014663249,0.8422434503315852,0.6839935069726895,0.7463765506150448,0.5140029744122396,0.847167795267176,0.7525697390216184,,
S064,T1,2.4649579190686776e-12,8.147611872191508e-13,1.4240910776423459,2.702447686740859e-12,8.305265757481175e-13,1.3910141338932422,1.9754107454081875e-12,6.43594474504455e-13,1.5482619428387598,0.8727696999225203,0.7350199895880708,0.7497722258299537,0.5714707787405207,0.8587928431351646,0.7774480442368745,-0.7306453193918441,-0.7073308531364945
S064,T2,2.61590941390845e-12,7.870839519059914e-13,1.4675241816373175,3.083267084943907e-12,8.164363342413412e-13,1.2856858968934606,2.172868483076559e-12,6.622968900802525e-13,1.3817974451662662,0.874934348915718,0.7602787419697813,0.7653012622862769,0.6399304775789697,0.7772342790395358,0.8142708907373372,-0.7306453193918441,-0.7073308531364945
S065,T0,4.486365740127198e-11,9.060161260186579e-12,1.3331474482886692,5.438540906783113e-11,9.21838703445047e-12,1.328267784010729,3.839429216765884e-11,7.86475469719463e-12,1.4158710980611937,0.8509901076667663,0.8382933664252356,0.706558924026544,0.5563550359958341,0.8280819331103659,0.7056807385206284,,
S065,T1,4.2203727806314607e-11,8.865466955745136e-12,1.3688697290033403,4.642314240698395e-11,8.933600265457644e-12,1.3613713864646626,3.1610638508487194e-11,7.570400406529576e-12,1.4328407881116685,0.9024414436989328,0.8545187230670576,0.522659081037481,0.6555846394854827,0.6552292941654796,0.744081167010218,-0.7381129842327108,-0.7434149027499198
S065,T2,4.085950661977747e-11,8.159143446062054e-12,1.2918273217077476,5.0615392910441444e-11,8.460549731980339e-12,1.2351440605962152,3.481687585965108e-11,7.1921096593253405e-12,1.3858949203316757,0.8642850503378848,0.7987612502036339,0.6621168634522836,0.5789533004451343,0.7842430059773858,0.7427515212840438,-0.7381129842327108,-0.7434149027499198
S066,T0,2.542145581339577e-11,4.6539094278498904e-12,1.2253401401989785,2.1120055837710143e-11,4.8777447367093035e-12,1.233238132534636,1.4901331775507374e-11,3.058075672213604e-12,1.2002637888625984,0.8340557385213544,0.7375242343317882,0.5491898540732856,0.5236295646465274,0.6946746880620973,0.7471840106652332,,
S066,T1,2.8708712647417702e-11,5.3386397975816545e-12,1.1319525156026982,2.5664448546938568e-11,5.836665774711331e-12,1.2548216072009595,1.826196611702361e-11,3.3642456865355464e-12,1.290846809243092,0.8156541091081989,0.6964574369019753,0.6837714367107809,0.4133711263112613,0.7560407077067968,0.6732387032675788,-0.8706920285424928,-0.7842255097402296
S066,T2,2.7709654586830417e-11,5.8886380634802804e-12,1.2409147470286297,2.2671004357074456e-11,5.9497676860442016e-12,1.2684006158941334,1.987806056907667e-11,3.689601456583569e-12,1.1675207327836572,0.7386671000377232,0.7100963540242028,0.4074377732141211,0.44289320887552713,0.5438716822336485,0.7030521786897947,-0.8706920285424928,-0.7842255097402296
S067,T0,1.6291207978384542e-12,1.5076266950642464e-12,1.7051038375285519,1.2061466743291634e-12,7.586275347563384e-13,1.5748481200121782,1.3460970933831503e-12,1.2614643748093374e-12,1.3766673312927264,0.5600953229428474,0.6515705049492422,0.35599410450283414,0.39509073963459534,0.6585689979286107,0.6743270816650766,,
S067,T1,1.8313763207195186e-12,1.8581731950938857e-12,1.6820047554058948,1.1102507192347004e-12,8.1395542082401e-13,1.4917191420648441,1.251841010486882e-12,1.3480727105001484e-12,1.4317992512996283,0.5952590945470915,0.6116088891472266,0.49033373669413033,0.3925809156320882,0.847720017631169,0.6824744539254614,-0.9874864056876608,-1.073058395663884
S067,T2,1.4562298691083417e-12,1.5244255443261215e-12,1.6343372006478178,1.1294917043408601e-12,8.021497833366004e-13,1.5927972748812516,1.2114363754810365e-12,1.3414821699489834e-12,1.627437777739192,0.6652042408062059,0.5888658018796684,0.2611199613948704,0.26717852481288124,0.42745539857307013,0.6847625277472424,-0.9874864056876608,-1.073058395663884
S068,T0,3.4612434543995614e-11,1.162496758581963e-11,1.3688341856047306,3.134934708812728e-11,1.0817149037015599e-11,1.315582537770055,2.1780623575839446e-11,7.430033191806266e-12,1.535132400744393,0.8190468064750505,0.6987082308698057,0.6965700432696131,0.48711057220278225,0.788761753052391,0.6803524224111294,,
S068,T1,3.618777409916306e-11,1.0978032417925206e-11,1.270883509608563,3.270629532474512e-11,9.633326316006765e-12,1.301443312105703,2.2111562989026696e-11,7.386124624018131e-12,1.456331916684948,0.7657311687976894,0.7079538820986205,0.6145396109312375,0.5216094278950993,0.7475000027884586,0.7390705761232043,-0.7241634004529186,-0.7078667664882031
S068,T2,3.614887746220891e-11,1.0908143855366766e-11,1.4132792688740037,3.509154913169156e-11,9.838290677997634e-12,1.3797041171547286,2.278511390742398e-11,7.3740207458421e-12,1.5066124596704886,0.7695165875567517,0.6587169869022647,0.5450137855331905,0.5248218673547418,0.6392325940000307,0.6918522699060473,-0.7241634004529186,-0.7078667664882031
S069,T0,1.768800650294487e-11,7.491026477659278e-12,1.7002218619390495,1.5829415414163375e-11,5.215582783600781e-12,1.544736644123902,1.402482375226059e-11,5.3695154838195545e-12,1.6159941510333244,0.7297610666503894,0.5904174912519423,0.532992407109115,0.32899642669643075,0.7342527148339026,0.45163122705767555,,
S069,T1,1.777088973613499e-11,6.2072562076504196e-12,1.6079430197049203,1.497587485510368e-11,4.51588650363237e-12,1.5524881030762767,1.3295462242939008e-11,4.428307146731402e-12,1.620982798135746,0.8163285974327994,0.7187651123408473,0.6316500646599668,0.4831791241226021,0.7719205713990731,0.6367241799773609,-0.7383119076542383,-0.7145096112760032
S069,T2,1.6079533502125376e-11,6.287825029913859e-12,1.7423831958301614,1.4583825807639744e-11,4.789542652857248e-12,1.578918111217362,1.3421212589473268e-11,4.8055723877510455e-12,1.5575059027549787,0.5814516583677865,0.5608984767440226,0.3813054132233611,0.2994125641424552,0.6701851784941331,0.6135589780689475,-0.7383119076542383,-0.7145096112760032
S070,T0,6.312370161410289e-11,1.6610708120047446e-11,1.0657097380745133,6.423974586103143e-11,1.3396756266476283e-11,1.0575112291606208,4.4028322985195584e-11,1.0770396611460599e-11,1.039098161135702,0.849912586064574,0.8593104625288771,0.6071309340379039,0.7559311646031178,0.8583138565865321,0.8929264335019866,,
S070,T1,6.527944613614857e-11,1.62796959224092e-11,1.0303096978959585,6.851379228768534e-11,1.3184154812724986e-11,1.0763454878923584,4.6271067036658726e-11,1.0098707471148437e-11,1.0201773284385316,0.8879189187485035,0.8570632173456791,0.7318257712315034,0.6754568311368775,0.8323312656322782,0.854817214715937,-0.7209589801800556,-0.7037380244105059
S070,T2,7.291983379692323e-11,1.6243311760757918e-11,1.0330229765961203,7.422844151556941e-11,1.3404502289989155e-11,1.0286931258821022,5.023889285586719e-11,1.049718213433827e-11,1.0600339394360656,0.899297848965072,0.9071496179081642,0.8151619137181866,0.7966727948740022,0.9226954348229586,0.8899367191685916,-0.7209589801800556,-0.7037380244105059
S071,T0,3.6039745553619267e-11,1.0434173679408969e-11,1.2267403846127836,3.561528668114737e-11,9.846279926308085e-12,1.266987309323804,2.8275978384464175e-11,8.449318705256479e-12,1.246532418744732,0.5486387757203737,0.688034485715925,0.5683426817195931,0.4910324027701981,0.665939489071173,0.6348584948761269,,
S071,T1,3.83800237479358e-11,1.106003269432315e-11,1.1183996982752473,3.7881977339609515e-11,1.0196689827263307e-11,1.1405373852991194,2.7046934146032737e-11,8.105453116248304e-12,1.169803185818423,0.7606413609567998,0.7378605363955283,0.6938312277490247,0.5784281736655501,0.8282607184628812,0.7279701591869774,-0.7512624757557044,-0.7402642669360076
S071,T2,3.4701662041528276e-11,1.0087559110580532e-11,1.2114360509651427,3.403719361822807e-11,9.463256673136439e-12,1.240975012743326,2.6767885861358257e-11,8.220721254894854e-12,1.235002938848176,0.8095363130362034,0.7082858184515539,0.7253652397097902,0.5869452080715645,0.7219460252015393,0.7360178563194932,-0.7512624757557044,-0.7402642669360076
S072,T0,2.131168556357702e-12,4.2805241360132607e-13,1.6700743580056419,1.3398221349866154e-12,3.7565455207234423e-13,1.633092617160265,3.1662278651097325e-12,4.393344386552246e-13,1.667612002371877,0.8011426729960481,0.8055210922000889,0.5283546102266987,0.5816210745723401,0.7369027741006933,0.7209017925061356,,
S072,T1,1.911553771737467e-12,4.120083424626288e-13,1.5588440546400535,1.0661368500810778e-12,3.5512758265076144e-13,1.5917968816301993,1.1790729505129718e-12,3.21714745661203e-13,1.648479718707935,0.5957210866944456,0.8032763765319764,0.32448979188842136,0.5876077591227439,0.7743844075979617,0.7621859674275148,-0.9161772244884046,-0.7828080383443465
S072,T2,1.4112873255745577e-12,3.751477954371947e-13,1.4880997242273675,1.2732512822786815e-12,3.667609764638641e-13,1.5113231947593437,3.3022248017064017e-12,4.590849620134031e-13,1.4032299476046814,0.6043803404975243,0.7611465859676939,0.43428351893706935,0.4376909337013063,0.713719822754949,0.6478093316692805,-0.9161772244884046,-0.7828080383443465
S073,T0,3.99430711671931e-12,1.429587043430455e-12,1.3415805231017888,3.873132556138032e-12,1.325420002767804e-12,1.3611956831901644,2.748681950965201e-12,1.173986405499837e-12,1.5494887381273035,0.8795865038740667,0.771161291279476,0.6957050214700178,0.6168593136055901,0.8605942867801363,0.8316468775598821,,
S073,T1,4.63793753218275e-12,1.3864032017473048e-12,1.3141482989404474,4.318382655279789e-12,1.2358503591020847e-12,1.3007811117512829,2.9079415884175537e-12,1.090811945722203e-12,1.4986111452232689,0.9109732623051615,0.8586888161789176,0.720657338628238,0.6112016679560469,0.8467376257769255,0.7769646908925182,-0.7342091297429787,-0.7207321483731235
S073,T2,4.188783760132989e-12,1.3170165210267116e-12,1.4470374920912965,4.1010948503750135e-12,1.2423369372424423e-12,1.4343603780983814,2.9863635505530064e-12,1.1134332187778245e-12,1.5608116692551182,0.9159179131241626,0.8183229166882896,0.7112799300580995,0.6126176877966085,0.878614654041875,0.7655723555922174,-0.7342091297429787,-0.7207321483731235
S074,T0,5.592498060156975e-12,3.10424892264069e-12,1.4222303746626073,6.768594199429939e-12,4.365890382808837e-12,1.3326675641598458,4.870953446286308e-12,2.522566976299752e-12,1.3189149289807156,0.8552566371626753,0.7979558227084552,0.6936418895432443,0.5500883929366753,0.8253568072593398,0.7733815149802467,,
S074,T1,4.159597072562796e-12,2.7226303134376422e-12,1.4111443177433143,5.158291844258738e-12,3.830740710905384e-12,1.3465186234387785,3.5661877643974595e-12,2.2721070361847707e-12,1.2914296874716873,0.8976052381427612,0.8198512357112381,0.8193608885553856,0.517640559401537,0.8903167264845835,0.7155864259507331,-0.7486192203741349,-0.7759605756351472
S074,T2,4.5513252925547184e-12,2.682594505745868e-12,1.5540371613557875,5.612946432988528e-12,3.744796474091239e-12,1.3959303254190707,4.2576777827369955e-12,2.3982259499281892e-12,1.1451854816494655,0.8243953723740128,0.822709211415628,0.6407584997900031,0.607744635408232,0.7947997120969621,0.7703766557419616,-0.7486192203741349,-0.7759605756351472
S075,T0,1.4995188271964455e-10,2.437260259083966e-11,1.7079860875122006,1.7233064050485996e-10,2.0215339859258764e-11,1.3673194668679551,1.0972305876440536e-10,1.5197073799888512e-11,1.5511491365630934,0.6536445090860021,0.4765200182446005,0.5992018340379326,0.3623472583746371,0.7683066964004516,0.5331445448546146,,
S075,T1,1.1636093924615263e-10,2.364921219418771e-11,1.6511934811905697,1.2818979151669187e-10,1.9368346022515154e-11,1.4667578999411421,8.54000145187209e-11,1.4614351368863335e-11,1.6252448431319386,0.4991344587176103,0.6640516981025516,0.3972690175866358,0.561843404494687,0.643740213897584,0.7042583100903609,-0.8367838279171791,-0.7609635356005406
S075,T2,1.3689869385755228e-10,2.3833898811925865e-11,1.6634270132817048,1.566736539155809e-10,2.1365564740863244e-11,1.3392252352213552,1.1047737469522597e-10,1.6269192198040905e-11,1.5613318066228625,0.7185440239847133,0.6276321847703344,0.5873135259367747,0.4565917063936716,0.7209617645556983,0.7057215937945435,-0.8367838279171791,-0.7609635356005406
S076,T0,3.4296107272132057e-12,2.1710400807096175e-12,1.6372898203061974,3.40520546674317e-12,1.8925676391552334e-12,1.684863697209899,3.1170198646122355e-12,2.0229897920059985e-12,1.6620214539069842,0.8956023093149563,0.9147792847666973,0.7238606764801421,0.750347880290198,0.895183779290609,0.9140869942423481,,
S076,T1,2.502896457204452e-12,2.3958518918541677e-12,1.5898334454826402,2.352024144676615e-12,1.974037512497991e-12,1.581951617253964,2.2072755100027713e-12,2.1301512684114443e-12,1.5421092543505166,0.9075885482329435,0.9396034606029399,0.7525488063863058,0.7859669887464082,0.9111687274367511,0.9087151106093022,-0.7602996866659973,-0.7421297733980909
S076,T2,2.9845570302946715e-12,2.2014522096807134e-12,1.6731595917336566,3.022278983887062e-12,1.909659766135376e-12,1.6888650460654222,2.863474484792879e-12,2.074177418532649e-12,1.706291472546994,0.8830299958062209,0.9511824129392351,0.7660165189690986,0.7779899423127846,0.9101282771303466,0.8877230163138453,-0.7602996866659973,-0.7421297733980909
S077,T0,6.208204335872222e-11,1.5021844110865242e-11,1.1327211292780317,6.690768569158479e-11,1.5496932089759176e-11,1.1686103320105798,5.330598409599577e-11,1.3323482480479387e-11,1.245694968756542,0.8705552688994875,0.737991499233371,0.7856459493971288,0.5461197901720334,0.8752338134812858,0.7311967676533858,,
S077,T1,5.612311594320823e-11,1.4215727592083488e-11,1.1657250328442932,6.480649032137722e-11,1.5322235548248757e-11,1.16493037268548,4.923987871098181e-11,1.2952054745232425e-11,1.2271109580380222,0.7421170206761057,0.7102979020168848,0.5601002366377794,0.5509243014912569,0.668445782677269,0.690977952794519,-0.729744016867988,-0.7267447898851177
S077,T2,5.104789402947377e-11,1.387913013646186e-11,1.144720400270817,6.022427000320632e-11,1.450377289239605e-11,1.2156735631960833,4.763403015623777e-11,1.1846940025849159e-11,1.1067555653041028,0.8116167911557689,0.8129383314387697,0.5773846780027668,0.6296472992076492,0.7003793239748877,0.7699670672488842,-0.729744016867988,-0.7267447898851177
S078,T0,1.9549241069725805e-11,2.6631985017266694e-12,1.4943652933325207,2.591099967187178e-11,2.4573550527823455e-12,1.4165667864560174,2.211115155225896e-11,2.0556395288490362e-12,1.43977520688703,0.8211639123257004,0.7328498851143046,0.6319709382189349,0.6257359778817912,0.8256369251986378,0.7712057351543539,,
S078,T1,1.763180783655011e-11,2.250089669198593e-12,1.5067104620552918,2.2784367922271662e-11,2.235602018354368e-12,1.379217757717922,1.8857365901098245e-11,1.962595047091422e-12,1.3998790529096636,0.7677562034865009,0.7734693013769081,0.604717853379483,0.5198153031393328,0.7242381959370332,0.6760180331105989,-0.9281591798118753,-0.786326304652921
S078,T2,1.9069322593712676e-11,2.8227093224500455e-12,1.3572559239974118,2.4784201570966477e-11,2.5425571005924168e-12,1.3913180948226076,2.1839742520094904e-11,2.0937241137188814e-12,0.5743961332118331,0.860806353457109,0.746264444177562,0.40360071562618494,0.3851122779715078,0.4473841935872024,0.4941850111887364,-0.9281591798118753,-0.786326304652921
S079,T0,8.736302272493695e-11,2.500840619493525e-11,1.495013890622927,9.077455072416517e-11,2.2687556657077165e-11,1.336262489373458,6.727665468392325e-11,1.7744262442133676e-11,1.3349134409527796,0.7618196841239677,0.7304607292865525,0.4758282592657854,0.6093407591766017,0.6775339543744874,0.7660908133405532,,
S079,T1,7.739110690894646e-11,2.5729255004978636e-11,1.4648374434186613,7.563477795758147e-11,2.3104816663763762e-11,1.456654888912468,5.5693087356175825e-11,1.8541884474095783e-11,1.475767331278488,0.638249382519254,0.626339827800828,0.2600698091838327,0.5089319329297918,0.5184201511771025,0.8028988541086791,-0.7664090570902891,-0.7343168200056832
S079,T2,8.869604498600201e-11,2.88093848851123e-11,1.4603890958673498,9.69101259794257e-11,2.7829792398454496e-11,1.3569519928242946,7.217263688303529e-11,2.106705825755717e-11,1.3360078626895209,0.7254660281878617,0.7653235890363747,0.5980734452829403,0.617912430652346,0.7544791594010429,0.7513672348931477,-0.7664090570902891,-0.7343168200056832
S080,T0,1.8076014992906404e-11,6.835689159316528e-12,1.3295990174433454,1.681978681400078e-11,6.186973537242164e-12,1.2791747333598196,1.2105470061728915e-11,4.4028435856814324e-12,1.2952714333271858,0.8744492999085453,0.8593508794914193,0.7372912657358444,0.70998250611484,0.859644984377272,0.8615281734722222,,
S080,T1,1.6518836276260846e-11,6.291455294080565e-12,1.4373704923808865,1.5934449644896934e-11,5.581831384405434e-12,1.4124396412242128,1.0485705754583393e-11,3.8494163229354815e-12,1.478808513667847,0.8960658586160464,0.8402265635275707,0.7065008968940458,0.6595195902372347,0.7872693679194516,0.8194439953067576,-0.7098565082035978,-0.7049735001810148
S080,T2,1.6379588611219236e-11,5.864617246467133e-12,1.3348698072978797,1.649481094537561e-11,5.591681858627856e-12,1.3312441179614134,1.1789332586946427e-11,4.016394125875079e-12,1.323741937953949,0.8823567952159603,0.7622972135544924,0.7972830509319595,0.5463807732218849,0.9133328613339096,0.7766259020193106,-0.7098565082035978,-0.7049735001810148
S081,T0,8.1936632221927e-12,2.0734060804805327e-12,1.168912697064742,7.554679141147992e-12,1.819043843499374e-12,1.157389964755103,7.83911068796786e-12,1.913542361338316e-12,1.1549773210667371,0.7987561850540048,0.6993295294107862,0.7968125394666605,0.6931345649112747,0.9995774804604999,0.9973463005573138,,
S081,T1,8.337027051935396e-12,2.20999380000384e-12,1.3083328196501787,7.30528258886413e-12,1.7764865610273918e-12,1.2807332637745,7.562985278968744e-12,1.862688969805385e-12,1.2804479020791972,0.8003732069598466,0.6029372289075245,0.8001743804829177,0.6045415382516748,0.9992415944447701,0.9976308402490011,-0.7142221101041184,-0.7197429257108018
S081,T2,7.890632713195917e-12,2.111648147155625e-12,1.3036589081250436,7.146415500133891e-12,1.7355875655201809e-12,1.3173115556154547,7.418990876216453e-12,1.8286061266053286e-12,1.3316262288504854,0.7755749095355156,0.7077918974776635,0.7760547611952825,0.7099472865518658,0.9994722033830459,0.9973010120703975,-0.7142221101041184,-0.7197429257108018
S082,T0,3.5164724473547715e-11,5.874068816612664e-12,1.4064640282440117,3.4401160250230895e-11,5.181168580749156e-12,1.2778925136223176,3.626818972906732e-11,6.1255202605302625e-12,1.3246916970734788,0.8319144036261374,0.6637651839630275,0.5112027391601097,0.4460081190166732,0.6997162063072382,0.6130102395720191,,
S082,T1,3.4569801560922183e-11,5.771446143703588e-12,1.6000186905176088,3.706475606023544e-11,5.561927155537256e-12,1.3490548773122748,3.7598565872902895e-11,6.101161266822382e-12,1.3864378640260708,0.7703871100758062,0.6910272039735055,0.5294443244898029,0.4881441670246728,0.7232893610326281,0.6761978560227684,-0.7468117974841203,-0.7217652359284028
S082,T2,3.419578961578344e-11,5.917046478374749e-12,1.4204762997313778,3.5745611889986826e-11,5.419461204669346e-12,1.227075851099132,3.793930080622977e-11,6.399972108149398e-12,1.351558200966217,0.8577539762323376,0.6892360965338616,0.7210960321850582,0.3951204264938179,0.8281248707041589,0.6281424021716147,-0.7468117974841203,-0.7217652359284028
S083,T0,8.228443704964137e-11,2.6010539036516525e-11,1.4032574819003514,8.713733695155068e-11,2.364434882961068e-11,1.3820043502503827,5.7160394840865774e-11,1.5910941083396204e-11,1.3756365015462855,0.8526100700723693,0.6428625409664842,0.6605914623486931,0.359746475514533,0.8812000859060893,0.5970556093238122,,
S083,T1,6.224508308112572e-11,2.291367315947838e-11,1.409466129574659,6.942992750974912e-11,1.9596560239441642e-11,1.3391317466291337,4.572570703204858e-11,1.4221833045472012e-11,1.3750077442101267,0.8430169921758801,0.7108019873481645,0.6189092407009449,0.43639884374964205,0.8165785328992907,0.7275282706201084,-0.7446973296133278,-0.7149564336979185
S083,T2,5.885551944274444e-11,2.1955563388704127e-11,1.4111747046411909,6.564119478651516e-11,2.120649203161213e-11,1.3282546443334855,4.4427959879061936e-11,1.5805214035694922e-11,1.4641576273204948,0.7474902451908303,0.6442716577208873,0.7128688649104664,0.4243693292359632,0.8997053422968535,0.7029161350660889,-0.7446973296133278,-0.7149564336979185
S084,T0,6.477361659327112e-11,8.973614588842069e-12,1.2161794315298478,5.1770271345364476e-11,7.46477432370259e-12,1.1667919328314933,4.667654338117687e-11,5.970510325723959e-12,1.1500557863668528,0.7474270146478309,0.781515435609484,0.5000423164484726,0.5195160863321819,0.7100506852548883,0.6756356379312046,,
S084,T1,5.8089510228038855e-11,8.212510259350115e-12,1.1553709911079133,4.994598522342054e-11,7.755491622701755e-12,1.2157006386418145,4.1048148198211784e-11,5.948691794384395e-12,1.2341865829224326,0.6693600226444633,0.7864259342190454,0.5703938911781088,0.5120355408917046,0.7670001684819174,0.6445675227726932,-0.9092180677447471,-0.8617244266547086
S084,T2,5.7334480667641026e-11,8.083998260298914e-12,1.132836161055687,5.6916111089073425e-11,7.532561420593557e-12,1.191758912031998,6.539376635402606e-11,6.563587838218828e-12,1.196461109423676,0.7639481030406343,0.7386320445582265,0.6041520052226703,0.4343087086952147,0.7433576939896199,0.6044301917505827,-0.9092180677447471,-0.8617244266547086
S085,T0,1.7852012405483552e-11,3.5705302259207234e-12,1.5053146378867768,1.3447714824380459e-11,3.3984635814859754e-12,1.4747358027061332,2.2134058329523377e-11,4.3720581693390966e-12,1.4748931063362287,0.6190819766169056,0.6217432193891134,0.24946282925770547,0.2066443005490328,0.4005141415503173,0.339526640802634,,
S085,T1,1.7253534309826586e-11,3.498553748362409e-12,1.4588766356216094,1.2702045635113885e-11,2.991485570895912e-12,1.5266826954977133,1.6249493617802553e-11,3.830556489457396e-12,1.400929528144786,0.5802220307033363,0.5976357143067006,0.12578729390742843,0.36861206796485335,0.2554231899883386,0.4433152816351754,-0.7569529670533754,-0.721413661247663
S085,T2,1.5179444370683732e-11,3.2511195771782753e-12,1.4136248667778264,1.474566391720149e-11,3.318830353951343e-12,1.4578685683229806,2.5671663565572905e-11,4.66352007014836e-12,1.4092838793445894,0.5918958289218232,0.682788416663778,0.2946578739246274,0.42311778993163823,0.32344655513301557,0.4390605146747368,-0.7569529670533754,-0.721413661247663
S086,T0,2.3633061089104325e-11,6.795787430381975e-12,1.4687428232872366,2.641739122623976e-11,7.139879369684813e-12,1.4348014129390145,2.182659532103661e-11,5.7610864610755655e-12,1.3978373904015655,0.8607854151253584,0.7984928363703444,0.6339191332856691,0.40410213084621643,0.8155605843544613,0.6338775660771888,,
S086,T1,2.8529571587898737e-11,1.0297603321715357e-11,0.7076228649376898,3.0580735765428876e-11,9.020000314816445e-12,0.9238746722365454,2.60470386581337e-11,9.082514450673806e-12,0.6899530455835325,0.7403146241830435,0.8416120433502181,0.6241248728059408,0.6544766975079164,0.7443302489946166,0.7633166653411395,-1.0292047694089679,-0.9521640830180538
S086,T2,2.3539709013176774e-11,6.191692609014744e-12,1.4702800171929835,2.6768056587882225e-11,6.634073072543841e-12,1.3275103950031826,2.3125032173683876e-11,5.390415111526577e-12,1.2885233500452673,0.88226194983222,0.7968372399870142,0.8342012790254565,0.583745899397152,0.9211525996526693,0.7795141231436412,-1.0292047694089679,-0.9521640830180538
S087,T0,4.7900876307470716e-11,1.650470182981742e-11,1.304898326483707,5.060324169860251e-11,1.625812110743494e-11,1.435489465566166,3.645559047415748e-11,1.426632138978441e-11,1.614474069613979,0.7962335064068677,0.7257328342803813,0.5960339848970708,0.5077329606061487,0.7089927741596277,0.7071235140177572,,
S087,T1,5.090693191483263e-11,1.7347988998781517e-11,1.2274627325504497,5.50291741840828e-11,1.7323731424700046e-11,1.3485913426917584,4.0943965097514666e-11,1.5154083083772903e-11,1.5170295013297332,0.7850037515805077,0.6582729016830828,0.5773430984405594,0.4202281178408784,0.6739315043385867,0.7220495131266411,-0.722825947381341,-0.7526203922032626
S087,T2,4.244548281101797e-11,1.611084161169957e-11,1.2354864621285233,4.793864558137459e-11,1.592188102696283e-11,1.326039075014166,3.824787397540234e-11,1.507888889202347e-11,1.6088923090741984,0.9233322849877914,0.785361551989261,0.7148582950826973,0.5197506926312931,0.8049704699511366,0.7012183331302735,-0.722825947381341,-0.7526203922032626
S088,T0,2.716141645455611e-11,8.808170746248122e-12,1.5148032772234414,2.48203024071498e-11,7.462948469281992e-12,1.494895710692298,2.0013144607968955e-11,6.753261560368957e-12,1.6462181994551377,0.5281827691172247,0.6940080777426979,0.49109295029241284,0.44054507755289524,0.6537165852347959,0.6576500404627963,,
S088,T1,2.3686210179722776e-11,9.010457323949088e-12,1.517370332962208,2.2406921425586997e-11,7.617435289913182e-12,1.5427517232992203,1.845188084180202e-11,7.167975322640456e-12,1.5781715662122406,0.5314191310894507,0.6347821347753863,0.4907494392983499,0.40333701790728227,0.7173784350158168,0.6588172747014202,-0.7533886136595889,-0.7284317775081934
S088,T2,2.869048861732466e-11,8.952036704862235e-12,1.3688183120386253,2.595508595596843e-11,7.474014607078456e-12,1.350543810458262,2.048811383218219e-11,6.876543485844246e-12,1.4775193295234454,0.7921549525316531,0.7368224400388144,0.4822111283368329,0.435379417758693,0.719413008659235,0.6059343446768316,-0.7533886136595889,-0.7284317775081934
S089,T0,1.0982009565746652e-12,4.931150487359174e-13,1.425207473930645,1.173805197227218e-12,5.286886558146351e-13,1.3743868967061468,7.859824860043875e-13,3.2716064118698083e-13,1.3710919656168543,0.8799393683338212,0.8818285053308478,0.749024773148814,0.6258948037524881,0.9147057897732884,0.7269189044824912,,
S089,T1,1.1417834843575772e-12,4.311512771121037e-13,1.497519996230115,1.2730717965283379e-12,4.870169035925685e-13,1.5266032526585003,8.3387414086217e-13,2.9730264081073634e-13,1.444142946320028,0.8805956408198659,0.8615245457186147,0.7438488091969955,0.6416433856307161,0.9128451361068398,0.7701985205981688,-0.7211929604643921,-0.7074343491730996
S089,T2,1.1141242767733661e-12,4.2911213160386704e-13,1.570638856664094,1.21302746714407e-12,4.850068309169432e-13,1.5900881442542243,8.060577792211982e-13,3.064225717112647e-13,1.4944835718645644,0.8922169731911473,0.8505846557663058,0.7786566061180104,0.5616344051219797,0.8806177092727496,0.72754036422464,-0.7211929604643921,-0.7074343491730996
S090,T0,4.9385192157914815e-11,1.3107237213404089e-11,1.710025149339269,6.021412687728697e-11,9.167796260541814e-12,1.3964892682181427,4.9926649398658326e-11,8.037152592089412e-12,1.479471585974074,0.8657989071079831,0.562924603113263,0.7246086864362447,0.32484691099248103,0.8207811928664916,0.6969709130141375,,
S090,T1,4.233292004103734e-11,1.2586848445751798e-11,1.7242667361930524,5.037943264592274e-11,8.786648525092754e-12,1.4171778328353435,4.058480943052441e-11,7.44397712159457e-12,1.5562461836842572,0.8048085642312407,0.6941866130104518,0.6685383542909193,0.39179092253284636,0.8405491572984627,0.6938481675143195,-0.7231719856220126,-0.7433528794235593
S090,T2,4.21059991645593e-11,1.2109154932402352e-11,1.6944970303956521,5.1010194642767476e-11,8.159782294624558e-12,1.2996707463593236,4.156328528202874e-11,7.0502201274352604e-12,1.4784590010616105,0.8103687194132243,0.5858051512522925,0.7560029176213465,0.3425385268673444,0.8631636922300367,0.7304063702270331,-0.7231719856220126,-0.7433528794235593
S091,T0,6.53710606769479e-11,2.60481616321322e-11,1.4009866030039149,6.410674731516114e-11,2.667654566373797e-11,1.410569298299857,4.125913296093522e-11,1.8178330758592222e-11,1.3951885792543495,0.8980055991144513,0.8341819316346439,0.7080060471460901,0.6035951788827936,0.8530607440739805,0.773356272781703,,
S091,T1,5.371867223435446e-11,2.481183766947183e-11,1.3851227148229999,5.2370659947896794e-11,2.4562742677306022e-11,1.4095044390691436,3.390222899862664e-11,1.704605446312406e-11,1.420473826764635,0.9055891949930106,0.9032502288319078,0.7471057536300332,0.7326510376769261,0.8890322848699765,0.8528993961722043,-0.8224470865318638,-0.7277013589205819
S091,T2,5.853785590631311e-11,2.5586092017196877e-11,1.4326648440442245,6.231265546813987e-11,2.5474703245821316e-11,1.397866489279555,4.027799117567271e-11,1.71956350427121e-11,1.4142725615461111,0.894755404815894,0.8866481424805943,0.7896967478876342,0.7819151374955514,0.9106953160546762,0.9008495607219545,-0.8224470865318638,-0.7277013589205819
S092,T0,1.1096464881226756e-10,1.8980188990512592e-11,1.1546333851631019,1.250233108959387e-10,1.485887235280205e-11,0.9966771239314577,8.619911698777298e-11,9.517063613627892e-12,1.177316070288054,0.6245462182728388,0.7724979006659918,0.4850261374828615,0.6034493012012275,0.8360501578794013,0.7853422749825085,,
S092,T1,1.1847370458088278e-10,1.8917189203087756e-11,1.092909541085963,1.332261952477562e-10,1.4468386684535646e-11,0.9972375038278204,8.955369078138584e-11,9.013729100647365e-12,1.1284150769583954,0.681095802144008,0.7854445254211838,0.50658010619276,0.6006544070908101,0.8177814720795549,0.7830968393281506,-0.9892115455274995,-0.8524081782271008
S092,T2,1.0457866669432467e-10,1.8900650121454097e-11,1.2336430184052956,1.125384569888847e-10,1.4913279112902896e-11,1.1501153829810151,8.406820630917212e-11,9.955292057194964e-12,1.233992601299816,0.7862296210335828,0.7272111049188529,0.6409068320772359,0.6240251550296924,0.821962284691832,0.7944303207780095,-0.9892115455274995,-0.8524081782271008
S093,T0,1.1323507969702586e-11,2.112878318634227e-12,1.2903981716423756,1.1473620669135791e-11,2.294880635339264e-12,1.3115834799118065,9.150305097908636e-12,1.5410003358916822e-12,1.2116549779921597,0.5725002313671673,0.545492074784119,0.4070850020089116,0.3638952413825622,0.5553440372656383,0.5603466726379404,,
S093,T1,1.0087510595364504e-11,2.023245530712784e-12,1.2966376049126562,1.011162453805858e-11,2.4036761068397544e-12,1.2817697038327438,7.104071226292579e-12,1.4855031659221755e-12,1.2763710192096487,0.6780654617970863,0.5647510249933069,0.41592276845213805,0.47482262204505526,0.5599444519851235,0.602912119247283,-0.7894477317812405,-0.7583587072930775
S093,T2,9.397055839174926e-12,1.989910586966438e-12,1.4438685753816303,9.989401096008236e-12,2.414510227798025e-12,1.49800138657329,9.072009827433402e-12,1.6381377098181125e-12,1.3678954965330958,0.7823313384299342,0.5070977323072136,0.3878051160142288,0.46388770640702903,0.5504669346378007,0.5566883719313683,-0.7894477317812405,-0.7583587072930775
S094,T0,5.015580783661646e-11,1.1882721422091984e-11,1.4509154961614288,9.465408805712235e-11,1.7417263154044278e-11,1.1741274677487588,1.102378006817732e-10,1.9874238819431347e-11,1.1911613696242471,0.627777941192831,0.648532604163126,0.4438554161647611,0.37481039633741325,0.6838430183944015,0.676597649622867,,
S094,T1,5.757283019257313e-11,1.1814339299316587e-11,1.4870093684275902,1.0851354935629053e-10,1.8087019305485378e-11,1.2002178225056332,1.004821271753964e-10,1.7018092868486762e-11,1.2014425300679683,0.7276303960616087,0.5200351543936015,0.47254941573410114,0.3340975857912226,0.7358672854791205,0.5861084171328056,-0.7472132271107786,-0.735573283495188
S094,T2,4.735636011814144e-11,1.0302283243184441e-11,1.4710018880266984,9.072962191986533e-11,1.62915442865658e-11,1.3515752083190364,1.1372180725417226e-10,1.9365694957479675e-11,1.2739274125085729,0.7015459669666826,0.5440551346480836,0.31572191149455414,0.3142529326906128,0.5276981448214474,0.5643347574574322,-0.7472132271107786,-0.735573283495188
S095,T0,7.028730957851619e-11,2.4600174820023902e-11,1.3284168975684978,8.000592406640704e-11,2.6166299332875878e-11,1.3205505019112924,6.898755672135868e-11,2.378990364465141e-11,1.3031984687788742,0.7272072273579178,0.675526244166772,0.8333342149232053,0.6552521108094351,0.690286674039245,0.7298778530340673,,
S095,T1,6.564866015451119e-11,2.3552782329954426e-11,1.2919893489925636,7.707074140445101e-11,2.6238962696596142e-11,1.3297837932149421,6.268883589206419e-11,2.294374886717837e-11,1.3121442615306702,0.7075651260093241,0.7438986903901768,0.8039276408252517,0.6852872687932067,0.6785485971317611,0.6985702305057923,-0.7536879563689128,-0.7199121213267373
S095,T2,6.978346176227349e-11,2.415965357194546e-11,1.2694737894454078,7.723077088531632e-11,2.4820145385921032e-11,1.2454891918459001,6.953711214727695e-11,2.389093165269146e-11,1.2413622933734416,0.8650234660759111,0.6795181102475595,0.779110323065036,0.6810686378013895,0.7603962759580821,0.698115132081168,-0.7536879563689128,-0.7199121213267373
S096,T0,6.654234391213109e-11,2.262880207466682e-11,1.4179192621592285,8.125562958329847e-11,2.4411722816756342e-11,1.4211454301956024,7.290436850097385e-11,2.806305854903225e-11,1.428117106286589,0.8570083290783075,0.8476601124896718,0.6867645661637691,0.6527580101013237,0.7681914130487997,0.7510615283012603,,
S096,T1,6.115934747235521e-11,2.7746818329795317e-11,1.4244147624071637,7.652869161439346e-11,2.8420346111059065e-11,1.408321362103434,6.645067104426221e-11,2.995268224533649e-11,1.5095139307931722,0.7715559975637454,0.8198976850365994,0.7212044091190662,0.5752562982195515,0.8279498381017428,0.7226371394551737,-1.040031074499824,-0.9663306104819979
S096,T2,6.205074427144173e-11,1.9794137787500798e-11,1.4086673688836007,7.121091467217949e-11,2.1149964850049925e-11,1.3648352499599037,5.916434544529053e-11,2.0552053638048856e-11,1.3420531254987877,0.8788604276734132,0.8517809178175588,0.6272157276045235,0.684731622288784,0.7036833801232055,0.7931699456450269,-1.040031074499824,-0.9663306104819979
S097,T0,3.350214737446516e-11,1.0591436368218964e-11,1.5116380665264253,3.177610294928391e-11,8.858574701081561e-12,1.4800072927654981,2.4857921201700626e-11,7.151788952475742e-12,1.4163636992528643,0.5935156719627065,0.5815670095461238,0.5179311408703259,0.46986579034662984,0.6146388600242195,0.6776325580274751,,
S097,T1,3.7725657586874656e-11,1.229135870645965e-11,1.2820784246038501,3.2563153353619686e-11,1.0750560067939144e-11,1.2134186309129447,2.3884182336621987e-11,8.785245341967622e-12,1.301842300805515,0.8996204481275085,0.7280857061923173,0.6405626072237212,0.5325760623813903,0.8016899187105806,0.7528156894167335,-0.713933425398689,-0.7346786915225844
S097,T2,4.303501298556104e-11,1.1611908833299018e-11,1.4561235186653971,3.939667829620391e-11,1.083071554370815e-11,1.4161240109313105,2.932546803310628e-11,8.962361691384037e-12,1.397593916373824,0.5891791183258224,0.6292608883996069,0.5658825133645978,0.4504985832433363,0.7207035114505407,0.6365862600065455,-0.713933425398689,-0.7346786915225844
S098,T0,1.441550289789054e-11,1.4771899273902414e-12,1.6398937585686217,1.622962081920673e-11,1.3110062220893686e-12,1.2475265480902789,1.3183739403162145e-11,1.1646421779049374e-12,1.3461927569513639,0.8821169137364682,0.7367687372344661,0.7680526794095912,0.4854350604319943,0.9288775355700019,0.7825180433553635,,
S098,T1,1.3422241860292342e-11,1.413895923201569e-12,1.6555513061828075,1.62420581760064e-11,1.2243252791643642e-12,1.3626099994074496,1.292802629463606e-11,1.0711282520061718e-12,1.5596377746906207,0.8471268933849303,0.7100829254806712,0.6661288195027459,0.5085413555258725,0.8839078771932651,0.8242104299752576,-0.822748188310549,-0.8002465757698705
S098,T2,1.3454996402593521e-11,1.5290049320491195e-12,1.6209967981436846,1.4878883537796603e-11,1.3443091683098584e-12,1.2598077093364224,1.1894487012263847e-11,1.171819615949239e-12,1.3477411351109765,0.938509289225355,0.6808154927720612,0.8211000662209472,0.4539780640577535,0.9403767054208985,0.7910456245728997,-0.822748188310549,-0.8002465757698705
S099,T0,1.0659547618937627e-10,3.9909963445174226e-11,1.349172194744167,9.729250327278523e-11,2.9110249938590026e-11,1.2248846940764015,5.502793759273032e-11,2.0315023287852536e-11,1.3384623070392168,0.9039260445983262,0.8222426851078618,0.6795337112415345,0.5546063649752316,0.8519567824456513,0.797658569758752,,
S099,T1,9.662465238467224e-11,3.971859394837565e-11,1.4075948838951258,8.790247511550449e-11,2.7777105197590487e-11,1.3135925293431585,5.1658199934949587e-11,1.9111460710873686e-11,1.3753776864623535,0.8927402602975348,0.8017598490975251,0.68825833356206,0.6093162225437453,0.8537325602826376,0.849136957702316,-0.7228300807382911,-0.7318635610524432
S099,T2,1.063392979328148e-10,3.7483618700458324e-11,1.2380559273543794,9.711119911294014e-11,2.7420994655481514e-11,1.187816401819882,5.379360686764737e-11,1.9322707512833536e-11,1.4653133843710546,0.888960330865837,0.8560563650449781,0.773335265221738,0.6148838011223328,0.9145657977541813,0.8216832892846954,-0.7228300807382911,-0.7318635610524432
S100,T0,5.8165276482890236e-11,9.602028079648134e-12,1.4356226088751805,4.942274249107455e-11,8.644550966322932e-12,1.321069733608921,3.7972267552580504e-11,9.01776964205338e-12,1.4991286988905155,0.7328575615110293,0.711591215562664,0.3350974937384416,0.4026577748750261,0.4964286925148996,0.5623782776474701,,
S100,T1,4.900628882287673e-11,8.460021742330567e-12,1.3544022833513405,5.149467462566232e-11,8.224229740572436e-12,1.425887099185416,3.5752545011928036e-11,6.2700410387396024e-12,1.4685603161913068,0.6118474529997193,0.7250416234514896,0.2820362790863975,0.4654019151873276,0.46881837730490483,0.6303764360865054,-0.7507620976043283,-0.7398316426451635
S100,T2,5.0366286243220553e-11,9.903527443471548e-12,1.2517835684627847,5.637669518940489e-11,8.196382224362108e-12,1.2088921911257544,3.9515647121379505e-11,6.515576389789177e-12,1.3310798322871598,0.863051172107404,0.6499664043141988,0.5086237574181751,0.35970068760769286,0.6037526657277644,0.5780721322622114,-0.7507620976043283,-0.7398316426451635
S101,T0,2.709567317558349e-11,1.1827764803996363e-11,1.5268110679814744,2.4555748529530166e-11,9.554097069773048e-12,1.557209892943441,2.055339030281914e-11,9.654503259444611e-12,1.6702193846939593,0.8503017733788136,0.6941691052115224,0.7442726476211503,0.4976094041379093,0.905775936777956,0.8095883253777935,,
S101,T1,2.6696961368659202e-11,1.1587393790317816e-11,1.532778712531776,2.5323988217376177e-11,9.377142550466146e-12,1.4931575066622518,1.9765137196351074e-11,9.349912607567047e-12,1.6651636765897728,0.8489371680976322,0.7964947441925129,0.7670276951839667,0.6382902223026486,0.8907931307862424,0.8498933378643624,-0.7078185004400123,-0.7012709823188914
S101,T2,2.6163754388044483e-11,1.1341643601293228e-11,1.5692026002422013,2.4195812897793668e-11,9.417359528284085e-12,1.5097085335186013,1.9818925884747665e-11,9.504162731429217e-12,1.6334711118782566,0.6618219690754296,0.7983035769021775,0.5222177648456021,0.675596309011031,0.7727282731914562,0.867843312886509,-0.7078185004400123,-0.7012709823188914
S102,T0,3.4323106605961363e-12,1.1562420824592948e-12,1.2969492607840407,3.08614954732492e-12,1.0448167533822187e-12,1.3258852333243307,2.4434161222722813e-12,9.063321175286788e-13,1.3041808915933806,0.7743368633516376,0.7463016032820946,0.7009297042372868,0.5967105258316917,0.8930823023618191,0.8065735619058884,,
S102,T1,3.628551772762823e-12,1.0328342155786267e-12,1.3553268812764092,3.5076961693519634e-12,9.064312234873487e-13,1.365428523804596,2.745675218134894e-12,7.999126010517481e-13,1.4441198643855533,0.8718606427918336,0.7617420026875755,0.677922569370323,0.5998074204671201,0.8624696828457373,0.8276513464409148,-0.7292481562429566,-0.7174478832147158
S102,T2,3.931843235083465e-12,1.0269857637172563e-12,1.3317614820996406,3.674474982459116e-12,9.374546708516887e-13,1.3186741734449112,2.9381925820408458e-12,8.542961828770846e-13,1.4177076840831577,0.8312439265955791,0.83138753989743,0.6888006987559598,0.6392612963227694,0.8243586439479978,0.7960168012667739,-0.7292481562429566,-0.7174478832147158
S103,T0,1.1084596862946126e-10,2.1462947507280903e-11,1.3377468859457038,1.1166113211152545e-10,2.15833764827045e-11,1.2931612968582131,7.609077962473615e-11,1.4302751935757713e-11,1.4034884317994278,0.5405521935822568,0.6624620123950209,0.35045493406999084,0.5173171857405524,0.6817458232674627,0.7700316708887183,,
S103,T1,9.671217141410907e-11,2.1709759564641436e-11,1.4721204458993238,9.965594857796818e-11,2.2161726398815822e-11,1.365195681544722,7.346674505021331e-11,1.479509093124286e-11,1.5025023452614965,0.8378999540096771,0.6468379084838679,0.593450372503818,0.48863563451287495,0.8058580887468938,0.720735591703547,-0.7373684170961761,-0.7306416552210014
S103,T2,9.650325500629266e-11,1.9221841445880648e-11,1.3703621299212068,1.0359394136865033e-10,1.984296617472392e-11,1.297085760535789,7.681012314464218e-11,1.4110830781982591e-11,1.3521978152237772,0.7876623744556401,0.7767565401463296,0.5358345050253965,0.5790812804806247,0.8143728658668509,0.8139417274276814,-0.7373684170961761,-0.7306416552210014
S104,T0,2.0325815251069492e-11,4.003663287512928e-12,1.593503460167714,2.6080139775198516e-11,4.3629863162490795e-12,1.3895686608155646,2.197134290866769e-11,4.160417291728112e-12,1.3682016413606195,0.7966877264493006,0.7912306928093406,0.6653937949252712,0.5550788456580904,0.7578558718956483,0.7444063387037076,,
S104,T1,1.585811898473382e-11,3.658031285024198e-12,1.5101347525582802,1.979198840277175e-11,4.252007134900244e-12,1.4034561270975412,1.7018195553600963e-11,3.854604780221721e-12,1.4297283260887976,0.8401855876304991,0.7138561058857429,0.6750239762286785,0.48708626751020356,0.8310593449182524,0.7705905559350091,-0.7286693695281714,-0.7169059106046543
S104,T2,1.8127283163197796e-11,3.5607049280069623e-12,1.4244495506338373,2.1444405587890867e-11,3.904097374205615e-12,1.27474498235295,1.7580310212041954e-11,3.5531597696300025e-12,1.3376263393279082,0.8712184348735132,0.7991083318936388,0.717195395012818,0.5695361687656912,0.8511945895328996,0.7482902348291195,-0.7286693695281714,-0.7169059106046543
S105,T0,2.1625254032356686e-11,3.5607744725680047e-12,1.3074676904791325,2.1053739804678402e-11,3.580493981048323e-12,1.2027273939311254,1.7888158741994124e-11,3.1603881150849218e-12,1.426879641234969,0.5877436840412258,0.7505455294498352,0.24659282733309995,0.5450680720511982,0.4253891266567216,0.7040196680613969,,
S105,T1,1.717860846239671e-11,3.3234141680339654e-12,1.2567742598650795,1.7621285337394685e-11,3.3888638065053336e-12,1.1944868025731905,1.3985234679897287e-11,2.905343437033551e-12,1.3670365445154762,0.745289195729709,0.6876165730798596,0.697002707058149,0.5016738468017278,0.8541952059661775,0.6932625577133494,-0.7851830132815163,-0.781036827990719
S105,T2,2.239823282065771e-11,3.2624999258004304e-12,1.3263057340842968,2.291720158223756e-11,3.3450232524764783e-12,1.2241235977276455,1.842591938488504e-11,2.906267775206659e-12,1.2963116276565259,0.8375256156013131,0.75321015249082,0.58005007082609,0.545977881226541,0.7546687358347328,0.7634008985617157,-0.7851830132815163,-0.781036827990719
S106,T0,6.30281217686569e-11,9.445450800805599e-12,1.4108733922012096,9.361461792071084e-11,1.1182181914127269e-11,1.319478170501946,7.890787604265547e-11,9.038116339960209e-12,1.4016124656127258,0.8212151100332853,0.6651403396795205,0.5814939322590236,0.4501176191018956,0.7418318515183792,0.6120822646770366,,
S106,T1,3.695992057731672e-11,7.569097333822011e-12,1.4935062393800445,6.021552123059122e-11,9.624573284095018e-12,1.316614440481901,4.782505960007952e-11,7.164842662523453e-12,1.5790413733707949,0.6516995423913716,0.6941451713561442,0.4631686857164266,0.5238222489380175,0.7384891675347608,0.718554185440099,-0.7967149885101156,-0.7514068078831608
S106,T2,4.1453382387439576e-11,7.838824918633855e-12,1.3055330044754323,7.452619645892747e-11,9.941554469184844e-12,1.3898533370453143,6.59774265208821e-11,7.98701642123844e-12,1.4577315003331044,0.7955295954483379,0.5943853840649702,0.4856651332917494,0.48542632208004166,0.6935211172387337,0.6802023787860187,-0.7967149885101156,-0.7514068078831608
S107,T0,7.47025058519107e-11,1.3709625979619959e-11,1.2451986359064415,7.517265426136996e-11,1.1951346390540448e-11,1.2134678136003783,4.93188269118373e-11,9.635596523682339e-12,1.3119140578098014,0.9272685964720151,0.9233429452366547,0.8286867507954452,0.8695510428123433,0.911009595232641,0.9054520323556173,,
S107,T1,8.29956253520547e-11,1.4067524680022429e-11,1.0620692731017058,8.11658588976676e-11,1.2166924045356192e-11,1.063018176160788,5.3402971422094964e-11,9.4795322176836e-12,1.103519288744876,0.9448735460027655,0.9158374247799064,0.8606423963516379,0.8669962660683875,0.9308700834909096,0.9292138689314599,-0.7494431755102481,-0.7351033691876493
S107,T2,7.103149993237579e-11,1.2946319982666934e-11,1.4046961230581092,6.984064844728666e-11,1.124597764954226e-11,1.3453295361138382,4.739625234007812e-11,9.041700705143551e-12,1.4046701199581917,0.8725709080219564,0.9349706747168091,0.6063998245936522,0.868110659799059,0.8133828905811413,0.9235972850535547,-0.7494431755102481,-0.7351033691876493
S108,T0,4.4992976298905524e-11,1.084367874957796e-11,1.3717247561609676,3.502974978728223e-11,8.305621234190363e-12,1.338468340848807,3.32182026867035e-11,7.28757887059041e-12,1.3393942643527608,0.7379582452159681,0.6873466189297346,0.5166494247581426,0.5039455835360569,0.6849557477745949,0.7332865999078004,,
S108,T1,4.550450890959365e-11,1.0769040977691759e-11,1.426229391347526,3.496015270770367e-11,8.536301572215024e-12,1.1917200591419856,3.225130306172672e-11,7.408967329557954e-12,1.244569607929706,0.8880378988020918,0.764284870361397,0.7397620443302759,0.6210428999658958,0.9227590649249942,0.8546285195738191,-0.7580701319020466,-0.746373295210935
S108,T2,4.0958304106794785e-11,1.0307571161080984e-11,1.4572183853862868,3.8461008442217976e-11,7.979350949848122e-12,1.3618835296017593,3.791000138946644e-11,7.026092677999685e-12,1.3892226208989789,0.7504025797042098,0.7358513626082742,0.36850990669954875,0.5162388451719979,0.5416748479686995,0.7430043657161799,-0.7580701319020466,-0.746373295210935
S109,T0,1.428875703345201e-11,4.819036997602199e-12,1.334769946375386,1.7093689206833762e-11,4.995699431799034e-12,1.3257270020618186,1.8249411327297748e-09,5.283650436878873e-10,1.208224166147301,0.585489150016012,0.6579187854449267,0.2914650280346933,0.24422886395521903,0.3588632035723649,0.23368991341702097,,
S109,T1,1.4931243050935133e-11,4.580453050386987e-12,1.3940292901065492,1.7149697947530884e-11,4.9676771721813514e-12,1.4996362347763061,1.7442157245654457e-09,4.953901096830064e-10,1.2466623607969471,0.6764943343989287,0.5115911792034505,0.16882862118859723,0.22409829705838716,0.12683428371539207,0.20858590389278775,-0.7044849669669855,-0.7029927223739173
S109,T2,1.4388269272001217e-11,4.902635523180212e-12,1.3476222096851609,1.6425572771909743e-11,5.092272111845935e-12,1.3920547457118704,1.7701964553458607e-09,5.351445212069295e-10,1.2837720549075822,0.7071790754075705,0.5753678964182501,0.17753890044456835,0.2232885643638451,0.21398499308092062,0.19797410265839463,-0.7044849669669855,-0.7029927223739173
