Sujeto,Evento,Mu_C3,Beta_C3,Entropia_C3,Mu_Cz,Beta_Cz,Entropia_Cz,Mu_C4,Beta_C4,Entropia_C4,Coherencia_Mu_C3-Cz,Coherencia_Beta_C3-Cz,Coherencia_Mu_C3-C4,Coherencia_Beta_C3-C4,Coherencia_Mu_Cz-C4,Coherencia_Beta_Cz-C4,CSP_1,CSP_2
S001,T0,3.851164082793018e-11,1.1842854770381258e-11,1.4359998571610109,3.388266708842499e-11,1.1166199808611046e-11,1.3917929332784715,2.7989181777182334e-11,8.745435262161846e-12,1.4727841001545505,0.7786225798628938,0.7048791997221598,0.5177894225719782,0.4270261618010283,0.7663741419008883,0.6817727835143842,,
S001,T1,3.558001223712846e-11,1.1172201465953889e-11,1.425559079641834,3.090619486837173e-11,1.0574419589782217e-11,1.3296160241014523,2.2790942726318455e-11,7.709993608679788e-12,1.4368504843001815,0.7829294173991941,0.6985432206826869,0.5407860033894392,0.43736208481616323,0.7867408453213642,0.6966097822428464,-0.7154044167909301,-0.7142559675116545
S001,T2,3.385951589539369e-11,1.0773429424141933e-11,1.5726071980998222,3.3264657916173404e-11,1.0530487584338796e-11,1.522962584773844,2.7295858753368494e-11,8.351736539428024e-12,1.5361212292625435,0.8369357103611876,0.7164175573154795,0.6127170267629847,0.4381594987818743,0.803015231705664,0.6820077675439945,-0.7154044167909301,-0.7142559675116545
S002,T0,1.1768414092799225e-11,4.466297828375368e-12,1.536808368127751,1.3354494240252385e-11,7.311515906151855e-12,1.4261275704642191,7.903601525130028e-12,3.2683380539582295e-12,1.4042034281121705,0.6925945027453606,0.5196845057069286,0.4111744459184813,0.34235458404174735,0.714189398403326,0.5882187125397003,,
S002,T1,1.2415459419958367e-11,4.186113488314186e-12,1.4717528274408844,1.3120396463295079e-11,7.512012440899416e-12,1.4665582465659628,7.758066051246011e-12,3.1784942460301605e-12,1.4734467798440034,0.6478861213355914,0.5020221485573289,0.35925543815798744,0.36146288641913543,0.7135638302537335,0.6142717559119762,-0.8134536153978724,-0.7099202519857667
S002,T2,1.0798855555843717e-11,4.598537983499073e-12,1.5238782656776573,1.3535461093449337e-11,6.825910184733381e-12,1.4320820442431081,8.629319670313656e-12,3.482661335589645e-12,1.4249556487818067,0.7045558071356419,0.49175212104619836,0.4138833705948534,0.33037297317052017,0.7101188839011783,0.5908140872762119,-0.8134536153978724,-0.7099202519857667
S003,T0,3.5870201336113185e-11,1.4048892497480645e-11,1.7700401125621834,3.6564063371020665e-11,1.3083024277390308e-11,1.681832555838892,3.044811445517155e-11,1.2501724461550851e-11,1.7104074169073267,0.8507613209572513,0.9014920067702225,0.7038580189091757,0.7713257244595528,0.8626649448893777,0.8776494073249069,,
S003,T1,3.546561355471808e-11,1.3970271796913288e-11,1.7262708292541635,3.7020687150663686e-11,1.2864043670043356e-11,1.6668781293822512,3.1005351006882746e-11,1.1998703992064679e-11,1.6670008813509924,0.8335456263561833,0.9028252640383758,0.6868473675382595,0.7659537895637658,0.8658078691730539,0.8784126385444789,-0.7327470420135016,-0.7552508101770338
S003,T2,3.712449389667156e-11,1.3410994154735204e-11,1.7583170256386533,3.747592671071704e-11,1.2374387080420473e-11,1.7751565367214694,2.9998922763111007e-11,1.2139083922714374e-11,1.7461880349772385,0.852519435477801,0.8980833609718485,0.7027304974186854,0.7521002754884464,0.8544428208767136,0.8651442930345536,-0.7327470420135016,-0.7552508101770338
S004,T0,5.00298607128609e-12,2.720044423070117e-12,1.5382156341604187,4.789021609948697e-12,2.7845408115973095e-12,1.5520532286531479,4.196280247689162e-12,2.3862200485556905e-12,1.5386621914822187,0.8271974248116004,0.7242683302786844,0.5973421627217497,0.4346772962119338,0.7814395802598998,0.6732584050730424,,
S004,T1,4.36779278437186e-12,2.4195705757885466e-12,1.6534177065506348,4.1035753757787e-12,2.4979022535911095e-12,1.625780418014365,3.3388422390851164e-12,2.1575531923036475e-12,1.5708927554339664,0.8288391333680801,0.738051257585406,0.6192790065293068,0.47183093918095714,0.7905018941139974,0.6728187965128207,-0.7248204189161639,-0.750154161333456
S004,T2,4.01467974936267e-12,2.299184125898493e-12,1.7139424468712474,4.073957973890612e-12,2.6739040607819875e-12,1.7190105391589896,3.8613059899825346e-12,2.521112514309952e-12,1.6475735223961174,0.8399063138554572,0.7583463165416362,0.6164108962189287,0.4904464660812634,0.7924972842070674,0.6840880416541898,-0.7248204189161639,-0.750154161333456
S005,T0,6.419808744662239e-12,2.3582521395391274e-12,1.4380378647070753,7.494562656175954e-12,2.2572008831009754e-12,1.3302518231190572,5.3221711894714864e-12,2.1934176033304165e-12,1.5346464358605993,0.8044687164657653,0.6406724333745589,0.5775528466303882,0.3201850203669946,0.7644162124328873,0.5671289447402403,,
S005,T1,6.613267097440542e-12,2.033718636955367e-12,1.4519419689591244,7.637690814374375e-12,2.0292193615918774e-12,1.352347316643437,4.993184900017774e-12,1.8112732690686058e-12,1.4597871379296945,0.8086278839617136,0.6383667361646321,0.6166025190735819,0.33069498115680646,0.7794588418492427,0.5702855382285539,-0.7399784362687671,-0.7136783376524021
S005,T2,6.480315143832244e-12,2.0081079107590304e-12,1.4012642777317397,7.515931272493096e-12,1.9922789031275338e-12,1.44465678618219,5.247835556701582e-12,1.841268209947975e-12,1.607926704019557,0.8280978686620377,0.6599793416640958,0.5931480014736611,0.313745050567941,0.7665186302941218,0.5481781407001649,-0.7399784362687671,-0.7136783376524021
S006,T0,4.5862098220938835e-12,5.132368035756938e-12,1.6046777423324972,4.047504458440221e-12,3.866992531557421e-12,1.53571130429695,3.627525042420995e-12,3.9095055737777476e-12,1.5971987387750552,0.6716606640607791,0.6978605565046866,0.3913565675509325,0.4421208275521987,0.71796638768376,0.7480439980862298,,
S006,T1,4.74265420870468e-12,4.477123840823537e-12,1.556540966312015,3.919740338322494e-12,3.23940721470187e-12,1.5694862820711055,3.709492263947801e-12,3.2263788325907727e-12,1.6453980613151085,0.6660294496087078,0.6789058851606964,0.3701481196106572,0.3940758038954623,0.70003679090447,0.7173148020859518,-0.7574690314463893,-0.770377716132121
S006,T2,5.0549583621889425e-12,4.671429764047212e-12,1.5976138975061729,4.228029470859045e-12,3.501628520189509e-12,1.5571351966956974,3.678366580076486e-12,3.3754757013483682e-12,1.5919632819108365,0.7016845551924926,0.6983672818615758,0.4220709099879868,0.42146900564911244,0.7494226053534412,0.7309638022182747,-0.7574690314463893,-0.770377716132121
S007,T0,4.721517792258832e-11,5.672005051288343e-12,1.5030848408635225,4.616172565904716e-11,4.67081169032896e-12,1.3696526341733755,3.555233368461487e-11,3.945432508838821e-12,1.409466129574659,0.8457395834893252,0.7653480901842998,0.5418814377385044,0.3706834578762936,0.7928729114126551,0.6438703955453665,,
S007,T1,3.909557003166268e-11,5.021832075116699e-12,1.4624809576678466,3.39687737959884e-11,3.941869833752409e-12,1.35810783702718,2.477136351930557e-11,3.228889116181647e-12,1.561539658087131,0.8453757596508482,0.760385371092951,0.5240847317054735,0.3997741607639274,0.7851655499515542,0.6993046316812207,-0.7882762669404966,-0.7231851284987474
S007,T2,3.828992900892559e-11,4.491513024232641e-12,1.458793212293716,4.142278788476594e-11,4.1926840152209785e-12,1.290302970581514,3.741420229522987e-11,4.1439266598068455e-12,1.4766620921915756,0.8756880781314806,0.8119844033936304,0.5331801912707961,0.375156922106069,0.7527409865559831,0.6034818755687548,-0.7882762669404966,-0.7231851284987474
S008,T0,1.164780249122246e-11,2.5612075964e-12,1.4868526516458778,1.379445719304687e-11,2.4980734498046546e-12,1.4350561970786722,1.161086252635814e-11,2.2670764871975823e-12,1.4617233955996953,0.7989293747344013,0.7269632164638721,0.6590101800824686,0.5128642669881894,0.8294518623769923,0.7498299521496136,,
S008,T1,1.1231676134606868e-11,2.394503920874953e-12,1.412183992189336,1.284568272058014e-11,2.2772920053141906e-12,1.333211013831389,1.0656965726650706e-11,2.0307673448076786e-12,1.3270116120269166,0.7503945011612143,0.731882308966531,0.6139368842980382,0.5155361072955869,0.8130585179090466,0.7579633299392384,-0.7173583449339133,-0.708167982512173
S008,T2,1.1282403615351537e-11,2.3444622452070917e-12,1.5162965689821009,1.3342337660291406e-11,2.2532841871056823e-12,1.3747483701228296,1.1819187426079688e-11,2.0862889327767112e-12,1.4720285443559311,0.7863704736046384,0.7225841695812002,0.6044587792093046,0.509644615441028,0.76688577820391,0.7515710727470876,-0.7173583449339133,-0.708167982512173
S009,T0,3.486600142243794e-11,1.6776259348537512e-11,1.7049410865456922,3.905886680089335e-11,1.274610946374388e-11,1.7894016192193956,3.062120404045349e-11,1.8946228755958666e-11,1.7778966133196594,0.8050225156055515,0.7037838327658724,0.594027280148118,0.3540796539237225,0.8079638508746356,0.6832723614854509,,
S009,T1,3.02281172947809e-11,1.6340277985473914e-11,1.6545886686617985,3.223811014390112e-11,1.2951810106157616e-11,1.7310812071127235,2.641364111176962e-11,1.9254103774237814e-11,1.8046347585090303,0.7946973318511554,0.6980389799387517,0.5893571509184218,0.3295066144310565,0.8107516382692297,0.6655526582479602,-0.715733954458918,-0.7585656248514223
S009,T2,3.4983881274630564e-11,1.6229195771676453e-11,1.7047480922384253,3.918964878282652e-11,1.2861317909682884e-11,1.6131755994222448,3.070511409916278e-11,1.9865794626407638e-11,1.732185200992532,0.8089793793757063,0.7130369844153647,0.6161635733348594,0.3588093881466691,0.8182070723442805,0.6913366376104321,-0.715733954458918,-0.7585656248514223
S010,T0,3.658380850473704e-11,1.098233511528415e-11,1.3111973597824509,3.9476248205061494e-11,1.0445612072052653e-11,1.2251643518480844,3.1744726593134465e-11,8.380072868438094e-12,1.219025358576019,0.7538262920766289,0.7652578659738272,0.432500507046106,0.5213515797224296,0.6465299128297257,0.7303784617059162,,
S010,T1,3.808397153837395e-11,1.0610394785033477e-11,1.2156319879203217,4.047967378285083e-11,1.0256619574293066e-11,1.1730386138780566,3.06664521323321e-11,8.147950894734542e-12,1.1834816007929285,0.7569695855811911,0.7874917720096984,0.49615745268371736,0.5595443606444401,0.7150971365647711,0.7556757897106446,-0.7569537839808037,-0.7285370676014029
S010,T2,3.308441796648545e-11,9.817073872341957e-12,1.3049710327192068,3.6790872640740916e-11,9.698412504519552e-12,1.2211748872361659,3.1383739629551964e-11,8.064533158009296e-12,1.290188048205559,0.7643987965774576,0.7766989947850144,0.4019307378506939,0.5303116490181343,0.6062905472641005,0.7319519224055208,-0.7569537839808037,-0.7285370676014029
S011,T0,4.127081875586459e-12,1.819824985675054e-12,1.4043405947208392,5.255626632693549e-12,1.9341191292922965e-12,1.3624294398148322,3.911778923528236e-12,1.529717822481518e-12,1.4663858457121988,0.8270683471539826,0.8609775544941856,0.5935656195065631,0.6738143474620681,0.8053613536273898,0.8303185129279701,,
S011,T1,3.86196942787915e-12,1.7225507956232063e-12,1.4524967015540293,4.7880642304629424e-12,1.7838112067929178e-12,1.32610149281816,3.3472512062566873e-12,1.4305091104394883e-12,1.4195832170765614,0.8250791591751487,0.8583512530964695,0.5807264370463519,0.6738607813293035,0.794023050386195,0.8305050396064259,-0.7035562677800066,-0.7074292801735323
S011,T2,3.526028670135297e-12,1.7145565253467706e-12,1.4815754588983594,4.367921524964268e-12,1.773582500977914e-12,1.4306567633194365,3.284156441810541e-12,1.4411962252338074e-12,1.4494488507649053,0.8159950626797987,0.864097150852459,0.5679868797427597,0.6905909004676153,0.7684130998851233,0.8390122693509265,-0.7035562677800066,-0.7074292801735323
S012,T0,7.2352991825324945e-12,2.4781500323426504e-12,1.6243348319901,7.752354767910124e-12,2.0903566835205877e-12,1.549765580947702,6.5841036151036954e-12,1.9360402770520336e-12,1.534727349120234,0.8312493568170045,0.7363376997941982,0.571753071425279,0.4234780576643546,0.8392149685629298,0.7788766253214521,,
S012,T1,6.755784338917049e-12,2.340752451747591e-12,1.4940857066012658,7.135401369644683e-12,1.8985249289745147e-12,1.48921165549803,6.9221429097705636e-12,1.7851860513208498e-12,1.5877369593606236,0.809349355547242,0.7328981318424221,0.5204658098196251,0.42858261305656165,0.8189750529220317,0.7904567115541106,-0.8210475669317853,-0.7178211783428075
S012,T2,6.7424442961902934e-12,2.4024290504967835e-12,1.5577718623421777,7.512177630001707e-12,1.971611708700584e-12,1.5106109953359181,6.513065605665809e-12,1.99367920576043e-12,1.5430849277026442,0.8241116515398825,0.7178789640895182,0.613998125778471,0.3933721819867912,0.852190083814163,0.7382126950393114,-0.8210475669317853,-0.7178211783428075
S013,T0,6.387444785948022e-11,2.7214267172822774e-11,1.6870728481114197,6.941230911193636e-11,2.361965634380383e-11,1.5189903846778985,4.043009307848357e-11,2.2317844605932484e-11,1.6628511114443072,0.8082326446994661,0.6096264841291973,0.5285082053901162,0.22667673645557684,0.7569440964515292,0.5611654166950728,,
S013,T1,4.589806097566089e-11,2.5798932884391617e-11,1.657642425049458,4.869364188838148e-11,2.1739646177636914e-11,1.4855197054950373,3.107278877177845e-11,1.7963042662615156e-11,1.575713179784607,0.7990092754706173,0.59512759864261,0.5611297960769817,0.2305227195863277,0.7895990909485997,0.5624722656191267,-0.747770181662045,-0.8332430891641606
S013,T2,3.658146397934723e-11,2.1698003993396903e-11,1.694551925473636,3.882963855347297e-11,2.03511060899912e-11,1.4930257778185676,2.4714840683022545e-11,1.9043504162206434e-11,1.6531295719321486,0.7919771202739285,0.5971514397494604,0.4882729187647829,0.21756090175118156,0.7252644099647589,0.5599669969670551,-0.747770181662045,-0.8332430891641606
S014,T0,3.713293948446745e-11,5.0095675830353955e-12,1.4299992740322822,3.784962396582856e-11,4.340891373123779e-12,1.2601840408951819,2.922207117543442e-11,3.987373098363381e-12,1.4045098010112318,0.837314104515871,0.7088426360213378,0.44417082762883564,0.3055457727895727,0.6815098378696242,0.523797251232021,,
S014,T1,3.6981985517999996e-11,4.8386750483744016e-12,1.5971741781116924,4.080710266646009e-11,4.231181913185847e-12,1.4183456104922694,3.0507667147246076e-11,3.943220333936231e-12,1.5028411498639749,0.8662877703142029,0.7053435199345258,0.5957157940536735,0.3517618059367991,0.7877574093067442,0.5871329586279722,-0.733262757850298,-0.7145495027960594
S014,T2,4.0144030868783315e-11,5.047020907156538e-12,1.536957298992027,4.337987892160512e-11,4.628914613986007e-12,1.2908878839492242,3.128487610243075e-11,4.1486011421289194e-12,1.520586534388118,0.8633111281845187,0.718777346935657,0.5182042980736976,0.36159710454417304,0.7424098216714203,0.5802438440801208,-0.733262757850298,-0.7145495027960594
S015,T0,6.043378431898628e-11,3.0080475047739886e-11,1.5015773954741896,5.628219167421958e-11,2.734354256612215e-11,1.4754777632901048,4.7423185160410606e-11,2.329421844125024e-11,1.567159719045237,0.8233778904652064,0.83733585407938,0.48025540050991833,0.5737061307857438,0.7087370192766633,0.7794526328531611,,
S015,T1,5.825582077515712e-11,2.6078728345885842e-11,1.5193067511613414,5.5841987446920284e-11,2.4065102055838934e-11,1.4264655258091674,4.167631169881345e-11,1.984282682890573e-11,1.5830436780810724,0.8559675674159894,0.8452822660091087,0.5435022349493527,0.6131012218452414,0.7521168413059547,0.800733669002571,-0.7278353663899306,-0.7144859698640963
S015,T2,5.99641414786054e-11,2.6827944345907185e-11,1.497990421460425,5.821710291180922e-11,2.440546492923158e-11,1.412793607533329,4.8109002042649156e-11,2.0842444594509736e-11,1.5716524104830674,0.8520556471264555,0.8516075154346264,0.5112193473125561,0.5959028410872046,0.7235303221303633,0.7922757009614197,-0.7278353663899306,-0.7144859698640963
S016,T0,1.6931909020333864e-11,4.511275630956615e-12,1.4815750819384863,1.8680510380838517e-11,4.663556451214643e-12,1.517128922556247,1.4969917338203174e-11,4.274819900526023e-12,1.5264511832263972,0.8346587628206061,0.7424118954138104,0.6376354284826055,0.4823809910236303,0.8592645988384888,0.74229371424951,,
S016,T1,1.742250447665562e-11,3.799055757632449e-12,1.3370796263465454,1.8807770291955458e-11,3.874991822728367e-12,1.4405038197846172,1.485277794868442e-11,3.546142401922464e-12,1.4458222911795413,0.86807782862686,0.7701556386062501,0.7226593154640997,0.5214261380400919,0.9044714363477602,0.7820788929342398,-0.7373160400167891,-0.7676967740044146
S016,T2,1.4620321427669865e-11,3.924645522612197e-12,1.5799354251973994,1.633761343278745e-11,3.919690179248589e-12,1.5433562511546075,1.2771633894396846e-11,3.6359722473313958e-12,1.5623323749955302,0.8575014281792368,0.7613660160502315,0.6828860639780907,0.5016617319215728,0.8829776491581189,0.7637050910468272,-0.7373160400167891,-0.7676967740044146
S017,T0,6.573081399517224e-11,3.537005595878248e-11,1.7490401911669922,6.304281095225947e-11,1.5115045239140915e-11,1.7031306232242445,6.052414675684338e-11,2.2074456071791504e-11,1.6955956208677145,0.7210155553611243,0.5865029242464272,0.5210810048568788,0.20964313331233006,0.8517583023607145,0.6057871313347408,,
S017,T1,5.0593307519914706e-11,3.285604835653619e-11,1.7099935145314873,4.972658103633261e-11,1.2924738138281231e-11,1.6773797267033794,4.238148675250189e-11,1.9227715967076746e-11,1.6485349473978728,0.6848345624202852,0.5839440648298868,0.4593226425164405,0.20989479002556183,0.8445900031529647,0.6265765473493365,-0.7906871027876379,-0.7718921093021263
S017,T2,5.263515312161291e-11,2.957691392881684e-11,1.7556634534711821,4.997981214455894e-11,1.2065901012250221e-11,1.644948825371452,4.5668973480169955e-11,1.919687392350474e-11,1.690110201456849,0.7105773298025211,0.5675690698686335,0.49662372009210265,0.2042569074194675,0.8465732093783768,0.6255527558745583,-0.7906871027876379,-0.7718921093021263
S018,T0,1.695682040990609e-12,8.533542928433774e-13,1.5021635205939898,1.7511321437695668e-12,8.649167037980821e-13,1.457270573201454,1.4866806445825725e-12,8.712726074580585e-13,1.5325102736628626,0.8781091462798158,0.7783336085902931,0.7878027956668201,0.6093240482818978,0.9479156830246797,0.881053789789528,,
S018,T1,1.5418226412673752e-12,8.640119616116667e-13,1.4754408540284596,1.6315361784417852e-12,8.825257364142227e-13,1.4495907467049962,1.3668793481617476e-12,8.786339444548286e-13,1.496178053348856,0.8772627361771859,0.7807543011091562,0.7797253025091163,0.6156977459495726,0.940545546285434,0.8834668352376941,-0.7301664838059045,-0.7157533053932313
S018,T2,1.4556916991541781e-12,8.108614542769135e-13,1.575966985804653,1.5402553834112885e-12,8.103220766026807e-13,1.486819193628762,1.3248111786777633e-12,8.182528647420714e-13,1.513920671856699,0.8544170364636103,0.7705617118876867,0.7478642530888787,0.6062107910933351,0.9412237247974479,0.8807721977236422,-0.7301664838059045,-0.7157533053932313
S019,T0,3.0149246968726885e-11,1.2962372464253186e-11,1.487824018991236,2.561732593740811e-11,1.194337157725113e-11,1.436837735659505,1.9429261416511612e-11,1.0598932751383379e-11,1.5408433679789044,0.7569635203415915,0.716064744292689,0.3827169875637751,0.3446465919696463,0.7339187780026968,0.6519402748312867,,
S019,T1,3.101021084654413e-11,1.1833392205574113e-11,1.5533484457830569,2.8056458201494818e-11,1.130281253230831e-11,1.4834343676012915,1.8938705321474866e-11,9.563883954651647e-12,1.538735890685793,0.7913916832239825,0.7011989380884166,0.49789866290022067,0.3437814796588739,0.8105859719857924,0.6720928121974421,-0.7412140206756833,-0.7274395159248215
S019,T2,3.2025547726998e-11,1.0585412465034462e-11,1.4739079663722263,2.892827216200987e-11,1.0452675611877658e-11,1.4056886966270976,2.0659069300760672e-11,9.433537922950517e-12,1.4752497331674657,0.8085977709569363,0.7323560382409593,0.475734646770972,0.36702927716513195,0.7574979860472506,0.6519830192649889,-0.7412140206756833,-0.7274395159248215
S020,T0,1.8868777763467793e-12,6.351243229517225e-13,1.2470322937863831,1.9613511788726268e-12,6.369525193930841e-13,1.3130375735827466,1.3302604410397634e-12,5.113498165300957e-13,1.3578090993933016,0.7256842664954308,0.6654353086260976,0.5261635597614859,0.411814388952324,0.748502864139229,0.6014365815730389,,
S020,T1,1.7292504782832913e-12,5.505921126670018e-13,1.34125579909966,2.0004093239652637e-12,5.576841337205851e-13,1.3550008847338577,1.2786426158642417e-12,3.9923355613069156e-13,1.3740457390436915,0.7497481666016588,0.6826572984106454,0.5799295948074443,0.44050299904334744,0.7814324909287211,0.6226962618130983,-0.7108887904784762,-0.7131862673256251
S020,T2,1.7382434793271202e-12,5.085810426861217e-13,1.294079778706878,1.9874424249618795e-12,5.119060257147761e-13,1.2594583545783529,1.235940065204167e-12,3.7693697081270034e-13,1.3075664691216036,0.7612442806811351,0.6686513122164724,0.5704283320323925,0.4383565716787637,0.7811393512876192,0.6069491067807938,-0.7108887904784762,-0.7131862673256251
S021,T0,1.239873975361855e-11,5.017377041073583e-12,1.204379526337052,1.1457803853876442e-11,4.509259313187278e-12,1.2803513324846794,8.819982516524357e-12,3.697505690195738e-12,1.3654336356097134,0.9182165365815101,0.8908776763281477,0.6735392391174941,0.6085092763914975,0.7722260280986658,0.7441587503332178,,
S021,T1,1.1731629102887191e-11,4.757965835242147e-12,1.1485636869470817,1.0787034311553194e-11,4.300712240489525e-12,1.1695849840734123,7.70972096944964e-12,3.2767223093768693e-12,1.1812222501015288,0.9261524908032543,0.9087803432404674,0.6933211024894914,0.6535001893463364,0.7836491968538997,0.7712408831731331,-0.7121192098782329,-0.7688467965725352
S021,T2,1.053591661698101e-11,4.577991690447478e-12,1.1576074956505864,1.0317990310897797e-11,4.284779167175567e-12,1.2099216618457085,7.621397171812711e-12,3.6328197962355307e-12,1.2198822307959134,0.9240251050393122,0.8899002525005912,0.6683736070632595,0.6344010844176334,0.7787861582325698,0.7637261899535115,-0.7121192098782329,-0.7688467965725352
S022,T0,2.5751417397151186e-11,1.1283436314597374e-11,1.3333907186011666,3.0258213630248486e-11,1.2036997566325474e-11,1.2700838294379986,2.5758715724967854e-11,1.0657005300173538e-11,1.31032095562652,0.7590596830468597,0.6430540030181736,0.531842186062988,0.333027359974571,0.7799772861189904,0.6843780747355324,,
S022,T1,2.624003404236337e-11,1.1185268542353453e-11,1.3339033872289436,3.143555488667027e-11,1.2200569447389086e-11,1.3271355343141444,2.6719502234237396e-11,1.1239131935952067e-11,1.3169750656052326,0.7748911964125833,0.679594318576777,0.5720124449330373,0.3927995553109485,0.8016133074965248,0.7256222532242685,-0.7063493726474862,-0.7101264944337334
S022,T2,2.490038283039324e-11,1.0956177688970995e-11,1.3707126847088504,3.192561151518558e-11,1.216711513986769e-11,1.3078338249673267,2.7854037596943016e-11,1.1306204912250723e-11,1.3549063412643776,0.7829274878461888,0.7198959687463233,0.5697881624335686,0.4248712895749511,0.7933257695461584,0.7350995000280859,-0.7063493726474862,-0.7101264944337334
S023,T0,7.60137562649584e-11,2.5281188738166353e-11,1.528459325592017,7.778409568542767e-11,2.43724891564005e-11,1.4276172189808305,6.010365261699189e-11,2.076903373418607e-11,1.5317206281462088,0.8458702499755306,0.7491641866738918,0.5492944434853975,0.3927072848171285,0.7877414868853835,0.6376327676276115,,
S023,T1,5.4281618123039836e-11,1.782162974548686e-11,1.4376182735322747,5.6522055311951296e-11,1.8888868167737214e-11,1.3521791272816759,4.2091288744842893e-11,1.604840148391268e-11,1.5438840556207851,0.8711759559182823,0.7448994747215748,0.6162957831801817,0.40314679931071434,0.8266524290128509,0.6720373153361633,-0.7567080529468017,-0.770143807977949
S023,T2,6.061513731490661e-11,1.865383062980287e-11,1.5837639156659913,7.20219390016188e-11,1.9408444937594798e-11,1.5432551232124443,5.844905777420307e-11,1.6713165127111492e-11,1.5621426932694702,0.8736055660069043,0.7789361004934998,0.6139265997589056,0.42413289487609696,0.8254629405607614,0.654450442007562,-0.7567080529468017,-0.770143807977949
S024,T0,1.284090574613576e-11,1.2688523494341885e-11,1.7534052048706599,1.65608034111925e-11,9.466072867980994e-12,1.6815679344173051,1.1095998018246539e-11,1.0604037530279724e-11,1.741728866611374,0.6952997568071292,0.5532870097126689,0.4773015981849606,0.3059353085825777,0.7584552271754992,0.7049688257682428,,
S024,T1,1.024832392825872e-11,1.2138491309275046e-11,1.7510526602801115,1.1910141657301985e-11,8.741529046271736e-12,1.67385003529052,8.662609534517549e-12,1.0239150438411128e-11,1.7437317262061485,0.7094763192995024,0.5905430799938838,0.5203185757935983,0.3415922630646731,0.7935449970186714,0.7450471172125365,-0.7595452690870301,-0.7326773475141733
S024,T2,1.050737245797155e-11,1.1917813411470553e-11,1.684309163950418,1.2476045734096639e-11,8.435940031963402e-12,1.6445363937479969,8.627463357776541e-12,1.0240542758296392e-11,1.6786862943044298,0.7217831474786274,0.5782859830048436,0.5026782207001215,0.3202423940915847,0.7732498366060578,0.7209225180022519,-0.7595452690870301,-0.7326773475141733
S025,T0,9.70683227101792e-12,2.6164786551097012e-12,1.3111819582264992,9.76927219402166e-12,2.4598403680672922e-12,1.372567090494544,9.212190073397746e-12,2.585926006666164e-12,1.364700657118806,0.8501732256125236,0.7307496025281909,0.6341218157658273,0.397529436050491,0.7698162200106933,0.6625881167216583,,
S025,T1,7.0623843184790324e-12,2.2939448560650387e-12,1.3143501839983587,7.684902287099825e-12,2.055370566471881e-12,1.3332698928116702,6.591294701571735e-12,2.1073792956910492e-12,1.3544391948786727,0.8693163714144657,0.7453857933666022,0.6894110341430141,0.415826412034003,0.8286865957307659,0.6737763340011588,-0.7534817062053858,-0.755214466781462
S025,T2,8.653220729775807e-12,2.2949910892394416e-12,1.3258115904613004,9.634123110451822e-12,2.131645074696904e-12,1.280199642757224,8.819637205479397e-12,2.2212493981437563e-12,1.3555021023727958,0.9036435452226657,0.7633817019204697,0.7397215187647451,0.43547408825407086,0.8399436899799266,0.6904373206786668,-0.7534817062053858,-0.755214466781462
S026,T0,2.4266130855507227e-12,1.2186558630587018e-12,1.5800188760935274,2.9655403087862782e-12,1.4708891089830905e-12,1.6127687815388432,2.2761416894198226e-12,1.6509787967494137e-12,1.6561809929818077,0.8600335088230018,0.7506454761199215,0.654073977718247,0.43873671014363674,0.8330632931314426,0.6815000865431802,,
S026,T1,2.360200582085228e-12,1.1809853582514636e-12,1.656536618063845,2.7787414082343285e-12,1.382506482608876e-12,1.6970004054475996,2.100981825762023e-12,1.5846251277611395e-12,1.804940374591652,0.8534599030854135,0.7394651706291328,0.6431432726341222,0.4540623935207617,0.8274116523144532,0.6909281524061062,-0.7287334178032933,-1.1388009095675902
S026,T2,2.312230509965528e-12,1.1176904409175986e-12,1.6081904739759827,2.7158559658341698e-12,1.3165810797723287e-12,1.5629257095738756,2.2121526503099204e-12,1.6570838641948715e-12,1.4567237003928037,0.8523006247017569,0.774725480654791,0.6177662321324915,0.4471872461005174,0.8141734197420979,0.6804163934189446,-0.7287334178032933,-1.1388009095675902
S027,T0,6.757620006584838e-11,9.789453886787018e-12,1.62013883026404,5.837085423145005e-11,7.945196981851231e-12,1.6444744478978535,4.3501836412778227e-11,9.298142563139774e-12,1.6269257027856727,0.7750578664224549,0.6064616545059042,0.5013313115610616,0.27378544647725434,0.7293887085188717,0.536173351820364,,
S027,T1,3.60277102532352e-11,8.837484376645953e-12,1.3739974443138565,3.136473497724569e-11,6.764204830256573e-12,1.685400344407033,2.430005513515151e-11,8.052486894045424e-12,1.540306871689589,0.7310138652656613,0.5871556407772858,0.466534935311118,0.250481975367065,0.6700858961796894,0.5414477192649465,-0.7403195573571248,-0.7147027308936097
S027,T2,4.3248986092442405e-11,8.100950843718511e-12,1.4582630846369824,3.5465087086348423e-11,6.480832562999387e-12,1.5673605079237287,2.8882308835824026e-11,7.821100894864327e-12,1.4268422010363218,0.6861107359598078,0.5903362146220227,0.316431837092538,0.24743587385526356,0.5600003438834749,0.4985338592674329,-0.7403195573571248,-0.7147027308936097
S028,T0,9.316146487642957e-11,1.2517907567052425e-11,1.5156935164595027,8.90139359670514e-11,1.3352384419282704e-11,1.2539887355595896,6.97073266545485e-11,8.933667714367605e-12,1.5368753470705243,0.6077111684619347,0.45177211567158987,0.26879211592471375,0.21044379611743347,0.6385859928612008,0.49882518348026716,,
S028,T1,7.891826836943467e-11,1.1178244866572134e-11,1.5939587255856404,7.825596780053505e-11,1.125797335065283e-11,1.2697030301780712,5.9732230492979e-11,8.180000011182362e-12,1.5021852486242362,0.6803928966957138,0.4980677554422322,0.3893757182620955,0.26644095714166904,0.7031260322535582,0.5403603984822467,-0.7487471938694742,-0.7457265497647255
S028,T2,8.325390620719057e-11,1.0839560983957344e-11,1.4824938251090996,8.634211938805176e-11,1.1805470267347488e-11,1.226610518280745,6.145929010918928e-11,8.256721660458188e-12,1.5116671382630058,0.692520551626349,0.4837685121745852,0.36734110568124123,0.24485735630929972,0.6676928153147452,0.5057301165947601,-0.7487471938694742,-0.7457265497647255
S029,T0,1.0603100033769205e-11,1.3478096066367999e-12,1.3563197614373959,1.3149011658201153e-11,1.2947949807097951e-12,1.3179803077816148,1.1007250241406083e-11,1.4064252689966735e-12,1.380930904366975,0.5423821882055179,0.5805003717592674,0.17437380141812825,0.2440414902289735,0.5745649473282737,0.5715157744741496,,
S029,T1,1.077333610035107e-11,1.3259658601965765e-12,1.349057494444091,1.1543372060079113e-11,1.1502429670068813e-12,1.2847145683019703,8.496119524885804e-12,1.0978160791983065e-12,1.3927027722153733,0.5994778674897434,0.5847905874980958,0.29299259904663755,0.2726949025861871,0.6692448119989906,0.6050055397355809,-0.7761466546350178,-0.7642787219926723
S029,T2,9.967251634127304e-12,1.2264464695757238e-12,1.3376489461726842,1.2250235444606734e-11,1.2639338572923732e-12,1.242966914260482,9.63010378536311e-12,1.4153250890231105e-12,1.308119265032774,0.6194511679004228,0.6352087129227896,0.2341557958744882,0.24579783046512513,0.5896128867498375,0.5520673888763398,-0.7761466546350178,-0.7642787219926723
S030,T0,3.656003663748381e-12,7.872637440506788e-13,1.1631732592663335,3.9848969677832094e-12,6.710147161264644e-13,1.1484146105851614,3.0011486260336066e-12,5.898529744977977e-13,1.1563796788376999,0.7691114290272161,0.7588047669882815,0.6110458190088481,0.6115326280808339,0.9268887087074911,0.9019424338953457,,
S030,T1,3.2181737202468788e-12,7.53967660331356e-13,1.1802878836198822,3.2993027469559974e-12,6.593864662946919e-13,1.1404255272807624,2.5248228830967837e-12,5.799157585700324e-13,1.1867006716853774,0.7685723559650541,0.7981616286533443,0.6005015248365659,0.6243971460726793,0.919756729817363,0.8620050623745475,-1.0820179863743868,-0.7848208636048339
S030,T2,3.3101711756501338e-12,8.005870753728487e-13,1.1400982443507048,3.5355545427496767e-12,7.474563198416112e-13,1.1265403234082065,2.7481952994922824e-12,7.346970922365826e-13,1.179284087325951,0.8001750784545467,0.715331645906977,0.6414269976033119,0.5343884874965228,0.9200763664634604,0.854418939361459,-1.0820179863743868,-0.7848208636048339
S031,T0,7.334756288097803e-11,9.21062437423294e-12,1.1128973884374551,8.445838041465593e-11,9.774634442552974e-12,0.9248807700286222,5.927994110631104e-11,6.917955740354138e-12,0.9227182887322174,0.8333414128166606,0.7505003133405815,0.6306264348894787,0.5036817429612909,0.8448390627888469,0.7883992346069605,,
S031,T1,7.134312969018127e-11,8.980219337003797e-12,1.2628685946046971,7.958917310775195e-11,9.571408614719433e-12,0.9417549627705859,5.313017413005655e-11,6.66305132005171e-12,0.9727193328265783,0.8464720309787994,0.744628171325414,0.6607564533853583,0.5062627702412019,0.8658623871565102,0.7934982745055688,-0.7665799576013194,-0.784930015293214
S031,T2,5.651876570052578e-11,8.529871564505698e-12,1.1641686215983815,7.235244014237083e-11,9.062003008930202e-12,1.0042830150967759,5.575724084115839e-11,6.32357994453134e-12,1.0879072256018691,0.842982668117836,0.7592260539244056,0.6266399350666059,0.49948219962287593,0.8414774287019183,0.7800371259906477,-0.7665799576013194,-0.784930015293214
S032,T0,2.3077843304314653e-11,1.358641081556539e-11,1.5476867179910567,2.7848499484522875e-11,1.6780481306461672e-11,1.4978488895072122,2.0466108167550836e-11,1.497394322395666e-11,1.606617036092459,0.4603445013017361,0.35015340192371486,0.20019458328541329,0.02710305231088132,0.44807213099446097,0.25113352465805405,,
S032,T1,1.921495576141055e-11,1.0157569734802826e-11,1.5312991934024789,2.2838773077046954e-11,1.1780671232700288e-11,1.5932875223215288,1.7035031228287895e-11,1.0899800706959956e-11,1.7228884820730237,0.5100325829192845,0.3809542339088429,0.3530084832298812,0.08145743887545619,0.5476923134580916,0.33400854391478924,-0.7215255581651975,-0.7195812190704114
S032,T2,1.6505645492412863e-11,9.266247949737253e-12,1.6001304266828538,2.4148834538803832e-11,1.2033271735828226e-11,1.5610048273614816,1.7883961664981402e-11,1.2173799745380913e-11,1.6371686485486208,0.5860595687428676,0.40827195172214775,0.37430387393098663,0.06362733333507219,0.5336346493487961,0.2821066285711491,-0.7215255581651975,-0.7195812190704114
S033,T0,2.462468478233074e-11,6.667592948937234e-12,1.4776283925445761,7.33451034744095e-12,3.4237209789650103e-12,1.4411142281590208,1.2866322343752447e-11,4.7129835413226476e-12,1.3174115892732248,0.6005896576632854,0.6191511921992795,0.026542027789747687,0.17763850295513064,0.2118395303177229,0.5194586734179067,,
S033,T1,2.141976044609621e-11,4.668295243426689e-12,1.4518125682600376,6.297733419783524e-12,2.895118611907084e-12,1.4453496608429304,6.359310219263852e-12,3.35435998390117e-12,1.4226799700618498,0.5889949356502516,0.6289261762721043,0.07062201634265097,0.21175578773120943,0.3494297303473012,0.5724002475722135,-0.902897858344534,-0.9003639321370958
S033,T2,1.0262512727167046e-11,4.2395177422989275e-12,1.2917390632521262,5.5820648310926486e-12,2.8808849698519164e-12,1.31271173702133,1.0624279717770746e-11,3.585586226129791e-12,1.3343605748126668,0.5738914887550373,0.6560381981591715,0.0447526425126639,0.21894350211561678,0.26747631178946796,0.5349207962014055,-0.902897858344534,-0.9003639321370958
S034,T0,1.305991668396694e-11,7.913643845888268e-13,0.9644477774844061,1.043784394509004e-11,5.984416628030188e-13,1.1404687555476323,9.692070706257057e-12,5.541630527742529e-13,1.0852065433718152,0.5494017158894089,0.6017593108738011,0.06934749255667744,0.22704975617609782,0.3812580957412638,0.5520705967849372,,
S034,T1,8.715318914826606e-12,6.967399872227449e-13,1.0225255498272336,6.418138018016453e-12,5.575586390809294e-13,1.1765290949858904,4.903803607022453e-12,4.712545949211694e-13,1.0724118556887121,0.5861849495116186,0.6331965135057783,0.16490155991512326,0.27769345612796126,0.47287285134481316,0.6079767069954168,-0.812262221536593,-0.7744510926729811
S034,T2,7.444195518467814e-12,6.546341353995671e-13,1.224689600182642,9.588401404471854e-12,5.822175868903125e-13,1.137811705061692,9.603693022499069e-12,5.240517566931883e-13,1.0586132547950626,0.6406257874003689,0.6467150507452513,0.12436946208526939,0.2526498512953381,0.44038916216709423,0.557340569088511,-0.812262221536593,-0.7744510926729811
S035,T0,1.5090716396270924e-11,2.2028609560789325e-12,1.213530579169069,1.2893327487966826e-11,2.165700793497645e-12,1.2210061712113816,1.3593778362114506e-11,2.1342712833967095e-12,1.1416722783788067,0.46424728507114865,0.49351973801750854,0.3066289002290148,0.3554711866038597,0.9014248955344525,0.920614588383595,,
S035,T1,1.0339521741579091e-11,1.634269079951704e-12,1.2419316876587951,9.327581478729698e-12,1.5745812578929314e-12,1.2172998627015876,8.978624540824824e-12,1.5163075258406871e-12,1.1892475490819565,0.5318113283205028,0.5082385833467818,0.3803511665471265,0.36027918555022154,0.9285472519159608,0.9125492660456673,-0.9708931932902015,-0.7678970845114781
S035,T2,1.0788119800744299e-11,1.5664664171975715e-12,1.3145813702326212,9.891484578723706e-12,1.6608303422929604e-12,1.2974737477079632,1.0038283033512018e-11,1.6546209506669637e-12,1.2212575956297747,0.5423459498723958,0.49708236343834855,0.36855836827503385,0.36545252669055905,0.9173003328414955,0.9248239422159823,-0.9708931932902015,-0.7678970845114781
S036,T0,7.766325369261303e-11,3.13604862490679e-11,1.3114229718743549,7.863061973045967e-11,2.8429292400039408e-11,1.1863626297639354,5.695398515755456e-11,2.336042395719666e-11,1.238900463755512,0.8720959303867818,0.7742755703707233,0.615736240026713,0.45691838410414615,0.8432393294231045,0.744724122530716,,
S036,T1,7.884085575919278e-11,2.7075575848674675e-11,1.247368888889698,8.206212188104124e-11,2.543625527263361e-11,1.2058410113910425,5.705958409142636e-11,2.0505369432690176e-11,1.253931117112855,0.9094424852437253,0.8087683775389871,0.6917446028381959,0.5149083098050672,0.8687868330109265,0.7747072659969765,-0.7373584094630674,-0.7387873484025702
S036,T2,8.590589601396771e-11,2.6164669598984504e-11,1.3322271398496148,8.97739346344449e-11,2.53249792588207e-11,1.3446275715857594,6.112200386726486e-11,2.0966217840251582e-11,1.427005083802933,0.9045052375659508,0.7922097309598674,0.6922209122744254,0.49558623119060036,0.8765522747997024,0.7700399370763645,-0.7373584094630674,-0.7387873484025702
S037,T0,1.58514319354074e-12,1.28910369312003e-12,1.7845845505557598,1.2871333109943848e-12,8.413716408776911e-13,1.708044905076147,1.2743661649479826e-12,8.425175887907382e-13,1.658610485786013,0.8116401808306464,0.695626252461543,0.8096576659771367,0.692516192375591,0.9973076640655744,0.996129211511919,,
S037,T1,1.5065430715986585e-12,1.316368728239948e-12,1.6629050082055825,1.1852374153028395e-12,8.872552604108803e-13,1.6692907804016959,1.175118670829902e-12,8.907971543546987e-13,1.646963187450056,0.8125297781847418,0.6819464466249813,0.810164938171196,0.6780348918840767,0.9972414106063994,0.9963730868118403,-0.7054614261472588,-0.6998716762191437
S037,T2,1.4457823751863518e-12,1.2393733453082668e-12,1.6290833502773687,1.2224852769175091e-12,8.437434350310929e-13,1.5842082140582203,1.2151349854022796e-12,8.479148885925926e-13,1.5693750883840694,0.810066639729671,0.6828444725887496,0.8092077717645862,0.6797428672529632,0.99699176200249,0.9963038463914092,-0.7054614261472588,-0.6998716762191437
S038,T0,2.1884871227138216e-11,8.66260193142571e-12,1.3947356445218468,2.2102609644308108e-11,6.81067795170675e-12,1.2896092418813343,1.3409569983710023e-11,4.804814378804819e-12,1.406012882610918,0.7182286509273927,0.6256799842519366,0.3758548231131824,0.2954672272400754,0.7107735249243861,0.6497635156112048,,
S038,T1,2.2608995244175837e-11,8.637590341887242e-12,1.523607854810143,2.3928981930296642e-11,7.037120533468809e-12,1.4205633462768679,1.4252258517426373e-11,5.009151614666737e-12,1.341864069525665,0.7171673961921661,0.6185451703623703,0.39128056692770874,0.29760820557532647,0.7151061297004457,0.6560946148153369,-0.7194644966905476,-0.7077237269612262
S038,T2,2.479781046048585e-11,8.984641823623907e-12,1.5726301274110497,2.5881061109574513e-11,7.175196356263175e-12,1.4475145873931712,1.5255575467917402e-11,5.00125605938083e-12,1.4098022798150385,0.7250672371115126,0.6252681644474187,0.4047443503978515,0.30922061677550255,0.7411949714178613,0.6599697148523972,-0.7194644966905476,-0.7077237269612262
S039,T0,5.835250847097697e-11,1.776187523999946e-11,1.4264152035460447,6.555234504939362e-11,1.9538757386980892e-11,1.389799447077837,5.790578595732251e-11,1.7601162164556353e-11,1.4798173424301062,0.6010023543352903,0.47598640247551766,0.33363783479070674,0.1932815421429636,0.6743757512671367,0.5786039249852848,,
S039,T1,5.3749928981962376e-11,1.4446169698937842e-11,1.394460095751731,7.118816122787339e-11,1.7019189607885895e-11,1.395897228453232,6.060183491696232e-11,1.6530825227996314e-11,1.3957628059359573,0.6526722658659847,0.5146155265229598,0.4060386140358394,0.2190614206087019,0.7088799447441283,0.5921772478370898,-0.7231999633097344,-0.7355914585656503
S039,T2,4.825201529072811e-11,1.6100100220652555e-11,1.548958749697166,6.20167909965796e-11,1.6646505732012702e-11,1.468483160852166,5.454169927519051e-11,1.609049446849842e-11,1.4436702083953405,0.624696807828369,0.5180790318867431,0.39555542511293806,0.2293635831113223,0.6939970792769232,0.5904127001536736,-0.7231999633097344,-0.7355914585656503
S040,T0,1.1354460267615562e-11,4.228971571312742e-12,1.4816045409242156,1.476820013741995e-11,5.522278055917077e-12,1.525632724244099,1.0370466279497677e-11,4.0107535053542396e-12,1.5209319615653678,0.49704670068898105,0.4547413248882876,0.41349860102549985,0.3936763806232282,0.4499075299955221,0.41512001399495696,,
S040,T1,1.1344464951565684e-11,4.218354669972665e-12,1.7201110239046709,1.651998457259262e-11,6.195750761033856e-12,1.5697501641668576,1.0244448416723801e-11,3.860946399229781e-12,1.5429394298683212,0.46652457883443943,0.41305957783787006,0.414981791181276,0.4130691064783783,0.39452924576015524,0.34443434219687624,-1.0192288732064232,-0.6971208337705421
S040,T2,1.1273071195663755e-11,4.269759772971212e-12,1.5825472519844328,1.4515236812306427e-11,5.5998173774705025e-12,1.5194862681749475,9.921098103319496e-12,4.085971539436181e-12,1.582894329204926,0.49757009297177557,0.4887255628516356,0.39212763149714247,0.41567490327438067,0.4399818503397528,0.4476667044700435,-1.0192288732064232,-0.6971208337705421
S041,T0,2.3221707357444954e-12,9.653920207861547e-13,1.3228642827339032,2.256814654951287e-12,9.425534207646176e-13,1.2866593665811874,1.776738126528817e-12,7.822869163594158e-13,1.354123649026052,0.7898677410378441,0.6738596517906255,0.5419360099155794,0.43262887679463674,0.8502491871391402,0.7873743301181138,,
S041,T1,2.372104049953487e-12,8.54559618532442e-13,1.3144462769336063,2.2598053541745212e-12,8.623184742899639e-13,1.291994654140612,1.6837254009498535e-12,6.855648126570218e-13,1.285324631879554,0.8182087982656376,0.6862251490780383,0.5978728861542969,0.43815949448013525,0.8726286646922488,0.7873025221834334,-0.7278626399266875,-0.7133290134215305
S041,T2,2.3278851987817796e-12,8.726979336948722e-13,1.2477847828239743,2.3683112730065403e-12,9.17207324057685e-13,1.2033232427571405,1.810684934874421e-12,7.56092910796192e-13,1.2258082244691184,0.8065362347912451,0.6882781049989772,0.5757656417551198,0.45094485674329476,0.8661353258250156,0.7869260369542962,-0.7278626399266875,-0.7133290134215305
S042,T0,1.3656021513994714e-11,2.535955834409473e-12,1.0790038172797334,1.5099672893590077e-11,2.6953857207771794e-12,1.2293717778473834,1.117337501448604e-11,2.5640057827540473e-12,1.1640852021849508,0.6767762188662179,0.6169769985010645,0.445465745064488,0.3254406706278154,0.7332588068683729,0.691973427534421,,
S042,T1,1.576498080975067e-11,2.4631313209843954e-12,1.1835768025676658,1.4007007507878062e-11,2.0223064017180707e-12,1.2884260699754027,9.778713354490492e-12,1.8149355491255463e-12,1.2472866613951958,0.702735716656042,0.6274441867754168,0.4819028615189856,0.33730798048811994,0.7705020236756619,0.6964211049911652,-0.7482437375443639,-0.7542834144582157
S042,T2,1.1918633495342681e-11,1.9120392514266143e-12,1.3155054809232887,1.4354661708987642e-11,2.173221169846387e-12,1.25005313299273,1.152600096752882e-11,2.5222090341607283e-12,1.2011809766126689,0.7201221215926763,0.6194276712848364,0.4884010572831694,0.3196658958001543,0.7468462858718344,0.6911293307674101,-0.7482437375443639,-0.7542834144582157
S043,T0,3.187233806356309e-11,1.2922474723675085e-11,1.47206591959851,2.94481316436924e-11,1.5231978482290745e-11,1.424974145049145,2.2745555001123087e-11,1.0410571546443144e-11,1.449688667020184,0.5606022858188193,0.4630029581772936,0.2838500110149509,0.2690744692552801,0.6774885850033963,0.5787394441339281,,
S043,T1,3.054595155789751e-11,1.1974786193020178e-11,1.4907228836716728,2.7646150753866916e-11,1.4532332071276487e-11,1.4077262218731634,2.00550140927379e-11,8.972625993625993e-12,1.429521837111723,0.5247797714398241,0.455550670637817,0.3103970461811093,0.3026364778648785,0.7436370328600885,0.616095190568184,-0.7359889737820824,-0.7403573338735542
S043,T2,2.556194318216473e-11,1.0348937526503144e-11,1.4088983129343813,2.8202410177967155e-11,1.4438081723639993e-11,1.3378821973329598,2.102267138220871e-11,9.035297991186045e-12,1.326579519502675,0.6746535981626725,0.48537672075649363,0.3843373887345871,0.31059921147232794,0.6554384392165737,0.5669271338157548,-0.7359889737820824,-0.7403573338735542
S044,T0,1.3148845454698076e-10,1.5241383673778864e-11,1.543798930729651,1.2874645866259608e-10,1.4942439975661185e-11,1.4108199032896915,1.3001770320903087e-10,1.172667844707878e-11,1.4480361454600001,0.7401590773954516,0.6486897313203095,0.47200698426740506,0.31456338686548196,0.755590529524423,0.619646527755313,,
S044,T1,1.474370731934669e-10,1.3345138462120189e-11,1.4352411546263175,1.5620272477543913e-10,1.3722773865939358e-11,1.5043201446837655,1.2794961287356995e-10,1.1016317629462916e-11,1.4312457489821568,0.7915142946054599,0.6754746281059794,0.5839399608730412,0.34434807794425343,0.8257355326115334,0.6406734603234748,-0.842052216338816,-0.8177893034814526
S044,T2,1.1010161199712177e-10,1.1579659899758506e-11,1.6070821987416413,1.2095677158856076e-10,1.3147724858808042e-11,1.5823989169860129,1.1633288284612398e-10,1.0653976333100876e-11,1.549333988364395,0.8046548692866193,0.6670967263237214,0.5629222907611671,0.34420921221500633,0.7944766602321914,0.630495732744416,-0.842052216338816,-0.8177893034814526
S045,T0,5.654889870321485e-11,1.9724816218611957e-11,1.6301314083860816,5.592364260079262e-11,1.8855714493723888e-11,1.4666198342413737,3.421982520888552e-11,1.3547074971690184e-11,1.6676513794780696,0.8372400178197628,0.6609811867597967,0.5808353701701966,0.31037123128087,0.8067168388188242,0.5837444741328859,,
S045,T1,5.49185616041594e-11,1.7783504244088535e-11,1.6770868559860639,5.215720085617323e-11,1.4734979757812047e-11,1.555611046891457,3.1126061606108174e-11,1.1488666809575724e-11,1.7841548698428358,0.8208606685258826,0.6447788791162025,0.6142180045348198,0.30719459325904064,0.8498557715064095,0.612839743608089,-0.7204999390282154,-0.7897186076021107
S045,T2,6.243359547877282e-11,1.6526092259126915e-11,1.5792357390432772,6.234873105519632e-11,1.3549564507403454e-11,1.4673902547780857,3.6801013804543854e-11,1.1833082884739636e-11,1.6949667094635075,0.8676870367170075,0.6575155769526349,0.631969748219221,0.30654234290068255,0.8321962037531241,0.5886402258368061,-0.7204999390282154,-0.7897186076021107
S046,T0,2.6958225470856003e-11,8.710654315962209e-12,1.4291412445146108,3.303440511511375e-11,1.183661951836752e-11,1.449764378631297,2.6508472649354146e-11,9.366538529180721e-12,1.5190792740400105,0.7956137349515828,0.7380850071259282,0.6919278740847289,0.5573036596862274,0.8267017296228736,0.7155968742474555,,
S046,T1,2.577470269834339e-11,8.389680502111982e-12,1.5451152508036659,3.093118082801944e-11,1.1084666829804346e-11,1.5765672455995856,2.3869371480123538e-11,8.579714238838947e-12,1.5680237931555994,0.7974650264698702,0.7327489889623205,0.7075878493689867,0.5627854180130651,0.8500222240892239,0.7060891815815901,-0.7450522338893221,-0.7044757861075341
S046,T2,2.5632391949300088e-11,8.259807009028393e-12,1.4636686215795935,3.1233265140234594e-11,1.113661381453468e-11,1.4161872851079556,2.4640769587406934e-11,9.073568247610901e-12,1.4775274975185064,0.8129241469777442,0.7272506124298125,0.7013410042736953,0.5419458432896881,0.8388492812043336,0.7091290350395664,-0.7450522338893221,-0.7044757861075341
S047,T0,5.736541283821228e-12,1.39092022882925e-12,1.1098722836822172,5.93627682721351e-12,1.390349600652089e-12,1.125272170874385,3.5750863350094805e-12,9.739707772482726e-13,1.1203396019605325,0.910043702822581,0.8901148095756591,0.7794450861508206,0.7832411038547623,0.9017045369006269,0.8899052705838663,,
S047,T1,6.058314322868166e-12,1.3941993551057363e-12,1.0918298564323572,6.411867625242311e-12,1.3959243786932506e-12,1.1343345966609848,3.8895996378054155e-12,9.739360242306933e-13,1.258387830476665,0.905086670272786,0.8763169430606503,0.7887960766232669,0.7792391852521947,0.9115208177815743,0.8922914237687178,-0.7339065619457865,-0.7289838204659747
S047,T2,4.956213830508629e-12,1.3162667147915029e-12,1.183679490625135,5.241850690775754e-12,1.2678962386648687e-12,1.1935173333796625,3.2500177108289904e-12,9.022229476542305e-13,1.23709555819366,0.9105715492022287,0.898036761170333,0.7570434991592614,0.7976235725007547,0.8867081780990191,0.8962099320443615,-0.7339065619457865,-0.7289838204659747
S048,T0,4.193620651873863e-10,2.861132600253911e-11,1.2946891503218814,4.526150427574041e-10,3.34469593676299e-11,1.294683953316396,3.2885976947995403e-10,2.3819390900952462e-11,1.2684977206691774,0.6726980923638901,0.6277066011230827,0.41418978921916855,0.4384737393090559,0.7050478861827583,0.7143197377006915,,
S048,T1,2.9607886156045453e-10,2.6840135999457556e-11,1.3285174485253364,3.3240901975938957e-10,3.036849224324068e-11,1.2271290447917678,2.5491083536390715e-10,2.0951170824532697e-11,1.1694736005513553,0.6799012780306278,0.6334375999520866,0.4474032356424456,0.46178920593017925,0.7429742674104696,0.7392254616023199,-0.7950059177262045,-0.7813347097343097
S048,T2,2.5413084722744387e-10,2.2772691979456057e-11,1.2882714045883816,2.9845991612354284e-10,2.654976008810382e-11,1.3581570378222911,2.311639221295148e-10,1.977015839748248e-11,1.3646965187377822,0.7322006239458412,0.686630114863687,0.43172316037029546,0.4753324849328925,0.6993458730734747,0.7163191353551885,-0.7950059177262045,-0.7813347097343097
S049,T0,2.763027492699245e-11,3.484396292810483e-11,1.401085099121287,2.616554272472753e-11,3.1470642516165476e-11,1.390381162565526,2.0868139051272884e-11,2.0045408230678717e-11,1.3928468510997387,0.739339631039383,0.598476803733608,0.40550355146201517,0.14951167367788215,0.6406040564705658,0.43077665862673614,,
S049,T1,2.7867559168569476e-11,3.244696503754496e-11,1.3513421453523464,2.787971672422495e-11,3.218297013516059e-11,1.275618504690206,2.1314755340364e-11,1.831967990283697e-11,1.340536318583876,0.7653631561180217,0.5890862002229317,0.49282511138035684,0.17323538856473716,0.706406006445834,0.4898216525288149,-0.7152913671070646,-0.7347278072344808
S049,T2,2.580955339484847e-11,2.9680789303164316e-11,1.3741238254996355,2.42627529909308e-11,3.092794326752563e-11,1.2119267846469064,1.837457485978403e-11,1.9459511880359258e-11,1.351286538156663,0.7795051775410157,0.647931901832966,0.4703438973673668,0.1845705606549207,0.6648742263244998,0.42547240192185315,-0.7152913671070646,-0.7347278072344808
S050,T0,7.597546852937534e-12,3.144706175510981e-12,1.4183520576465576,7.712998160803244e-12,3.2606374249608853e-12,1.4470610586629267,5.484542555825584e-12,2.7409857137945683e-12,1.4431166969865867,0.8824382294120579,0.867893837867913,0.6933704627482213,0.6023637591967429,0.8679445244049928,0.7882642100749245,,
S050,T1,7.689037961096124e-12,3.243283565281321e-12,1.4520193963583106,7.686377045479575e-12,3.4486852762874493e-12,1.4519070941831695,5.336767022158171e-12,2.8077575375113595e-12,1.4632430069191444,0.8882665294421218,0.88087284170446,0.6973686717219009,0.6346182855018018,0.8700116904124484,0.8027951936771583,-0.69959747878644,-0.7020357675930063
S050,T2,7.529265347603014e-12,3.1078096152684277e-12,1.5236710906766753,7.837742192281002e-12,3.3184988223292917e-12,1.4709300096772957,5.4582693616284485e-12,2.7675995551619768e-12,1.4284220355323636,0.892555778468133,0.8671311493964545,0.7112653783022033,0.6154554705231288,0.8661082986241743,0.7913666890015962,-0.69959747878644,-0.7020357675930063
S051,T0,5.184932589217635e-13,2.509185913408412e-13,1.6419519872889852,5.746585903779547e-13,2.632391219414259e-13,1.6193882432872684,4.064881591276599e-13,1.8479210709597703e-13,1.52677895876833,0.7665681331949884,0.6854884490186189,0.5320073910952281,0.4118533302416368,0.7914678550066203,0.729429710167034,,
S051,T1,4.991404282332145e-13,2.3045189555237044e-13,1.5817937457686637,5.478993054584732e-13,2.404962248250235e-13,1.4495249931226868,3.832455290079135e-13,1.7368791051077277e-13,1.4966319295667543,0.7531844674840724,0.6938564651774736,0.4884519754493249,0.44667389624201614,0.7835386110173168,0.750853473225341,-0.7015398145706437,-0.7124001611829869
S051,T2,5.266206566559173e-13,2.296828295838037e-13,1.5760040940489206,5.889030627809475e-13,2.2999661826782756e-13,1.5263467619373294,3.9685834128666425e-13,1.5831163781111088e-13,1.6338160525494527,0.7598799564292423,0.6964503858309831,0.509228742649029,0.43306124144868224,0.7697299409135033,0.7200610673649089,-0.7015398145706437,-0.7124001611829869
S052,T0,1.2959087682084356e-10,1.4945311804736335e-11,1.3508808244538915,1.3690240238139423e-10,1.5377094625150807e-11,1.2388262837269994,6.72209353379768e-11,9.415453651174429e-12,1.393416142868854,0.6266020959145415,0.5193308578443669,0.34021225461357485,0.2787196812463583,0.6819500560364375,0.5377368982898457,,
S052,T1,9.358019798668355e-11,1.3677832847629041e-11,1.337540064312956,1.0036172364174434e-10,1.438816551677655e-11,1.3280306694663988,4.903949396268885e-11,7.820388809356382e-12,1.3758286101648698,0.616145327138593,0.535744042617753,0.34508869571114065,0.31968212165338067,0.7010412974695879,0.5728595312765709,-0.7957945910190957,-0.7683105473192692
S052,T2,7.64149704109703e-11,1.2181273082014328e-11,1.3575144922991123,1.0110130873404898e-10,1.5882870992579716e-11,1.2957258629303836,5.170092961654576e-11,8.913890601983209e-12,1.388929774254905,0.6760577707964772,0.5800243992563529,0.3802120140935409,0.33948167386376504,0.6431043670754424,0.5714638211691755,-0.7957945910190957,-0.7683105473192692
S053,T0,4.726456302587672e-11,1.709017382845399e-11,1.250195426503469,4.028839339783494e-11,1.4556625620206494e-11,1.3209582205272032,2.6096732863549682e-11,1.2288095238567177e-11,1.47365267770548,0.8149687653302382,0.8076787895897792,0.5575626239209722,0.5218334151578753,0.7882289150540804,0.7682925304569527,,
S053,T1,4.5569322653426743e-11,1.695575367814007e-11,1.3174818485476674,3.7491898978594675e-11,1.4664783242097596e-11,1.3502067309515453,2.4155623274142577e-11,1.1772207950263182e-11,1.4736953130881512,0.8292367855586871,0.8188610568426983,0.5708941544660782,0.5317062367874773,0.7797106828596083,0.7723433193724313,-0.744793243127035,-0.7624146349045772
S053,T2,4.410514413148386e-11,1.614612432497114e-11,1.2977122715497338,3.8722139072475e-11,1.4723360609994035e-11,1.3430254862469497,2.5707587428837966e-11,1.2014268034276002e-11,1.4911739919403662,0.8584868424676069,0.8453851833940563,0.6938353345214419,0.5911039948120537,0.8652967476230047,0.8031686574436978,-0.744793243127035,-0.7624146349045772
S054,T0,2.0682234714470375e-10,1.4573269259417735e-11,1.1002716466404199,1.5680416072538184e-10,1.1846201045103578e-11,1.204181289680595,2.0672146640267436e-10,1.2434590564873765e-11,1.0624644748905172,0.6593082847266858,0.6772936745810278,0.15584841879122754,0.22145969757690984,0.5123819406678797,0.5268508505559281,,
S054,T1,1.2347963498237723e-10,1.214637729228482e-11,1.086134306380695,8.90874042490973e-11,9.769369347364606e-12,1.183542188322843,9.905058187333459e-11,9.024659272714378e-12,1.215565104268504,0.6911862003857707,0.688072276056955,0.1829362369748112,0.23828132545490913,0.4920947371690648,0.547781205319421,-0.8489230117089203,-0.7550754789908026
S054,T2,1.5036334159914534e-10,1.3320715213167272e-11,1.2630698082027665,1.4529683520810633e-10,1.172068257688332e-11,1.3093722865893862,1.9813386371472508e-10,1.221012212722797e-11,1.2250262135237684,0.6462070404076057,0.7168068473308989,0.190041619983653,0.2615452946854196,0.5564214516993018,0.5454325985437463,-0.8489230117089203,-0.7550754789908026
S055,T0,2.20331118508521e-12,3.9297269951736973e-13,1.3313297757961273,2.4120929509615395e-12,4.884506190039535e-13,1.2622150247889503,1.8956440451893277e-12,3.539607712350337e-13,1.3050558325958872,0.8575985142618092,0.7876996729548628,0.5699584294796869,0.5340696155491497,0.7513605715292313,0.7281800860098147,,
S055,T1,2.1671648807202975e-12,3.30503032400558e-13,1.3915903013586592,2.3669559221624602e-12,3.789063082470801e-13,1.342710401338879,1.8275459512229986e-12,2.8255051868287593e-13,1.3299522024632973,0.8539933518648486,0.7791676719750928,0.6572358383960824,0.5633872233034021,0.830165737321005,0.7650965755039065,-0.732538249715833,-0.7100588982770366
S055,T2,1.7329132051754568e-12,3.2187047811802833e-13,1.4109141643615097,2.0217601092780117e-12,3.8489671093452285e-13,1.3599829213298984,1.7375514084256021e-12,3.07035527832359e-13,1.3782303924896147,0.8647271684597349,0.7970527493362759,0.5566942486373722,0.5473324260977167,0.7419172994733072,0.7479809709034481,-0.732538249715833,-0.7100588982770366
S056,T0,1.5421655740759705e-10,2.0086638180135904e-11,1.2453649395540884,1.5085405308858252e-10,1.772595578882998e-11,1.076561243913171,1.0968288991240884e-10,1.5737913307298553e-11,1.32960608298686,0.8665122714699399,0.8252230116722895,0.5421761387406564,0.5769791824745614,0.7794259710030219,0.8018596925724595,,
S056,T1,1.6172665882254656e-10,1.991485513468167e-11,1.2560935294425326,1.4738347559702067e-10,1.7618849734714212e-11,1.178852577385799,9.674524238341726e-11,1.5067334051812217e-11,1.4120411311408632,0.8685213130650977,0.8417663741601851,0.5864122266943059,0.6308351428601101,0.8218356386734702,0.8380326013461009,-0.7317034674854567,-0.712173366335219
S056,T2,1.522037661068465e-10,1.919938269119228e-11,1.539361457134283,1.5024597559234603e-10,1.7382508932368223e-11,1.3609904055656634,1.0798441652283871e-10,1.5558279493368232e-11,1.519938157498817,0.8901402888121835,0.8388768590091011,0.5758561124496934,0.6069241921695206,0.789405167109227,0.8206826022312717,-0.7317034674854567,-0.712173366335219
S057,T0,2.9334035946042247e-11,1.4277082488454545e-11,1.6139691157254141,3.114811894170679e-11,1.2909204532800904e-11,1.5642479542992518,2.1819522491779638e-11,1.1216923129922687e-11,1.7151138357589477,0.7476632200629114,0.5823078012001404,0.40500794921731775,0.2124715132182209,0.6923521784294406,0.4854309554778308,,
S057,T1,3.1468456981167964e-11,1.4116966842478428e-11,1.493802568835176,3.2620461865765985e-11,1.3241579910267512e-11,1.4200522243119567,2.2207646430736986e-11,1.0636891864187276e-11,1.5420198044231266,0.7700973442728203,0.5467042973612879,0.4406448279534108,0.2167446291033907,0.7180665899768537,0.4958196705158417,-0.7574400645246542,-0.7225934504602937
S057,T2,3.068181167274447e-11,1.4359901496155383e-11,1.5418914946068518,3.2201209665274925e-11,1.4132212787100694e-11,1.4762915053773742,2.346708388046027e-11,1.2391907020634115e-11,1.6313157957860849,0.7668592255483928,0.5750130344405753,0.3709535903608676,0.21368513754003707,0.6568035520234754,0.4681794701881639,-0.7574400645246542,-0.7225934504602937
S058,T0,1.5190505085777394e-11,1.0241602339054235e-11,1.7219890086372809,1.5256142843691538e-11,8.629044388112904e-12,1.719342543389211,1.115118944473483e-11,8.525373073758396e-12,1.6794739735308664,0.8677921784192663,0.8358622881477015,0.620790715163444,0.5511013991155644,0.8073716973844167,0.7853845584031468,,
S058,T1,1.3344218381558176e-11,9.759891265599452e-12,1.6885632356082538,1.3498450638886414e-11,8.443423959870962e-12,1.6725997001454453,1.0585251632419211e-11,8.739973438340871e-12,1.660613803985704,0.8701218089497946,0.8466834955733822,0.6464767390206674,0.5747612076582715,0.835596919716294,0.8066903832815916,-0.74182260299537,-0.7088754977464633
S058,T2,1.3076285307436843e-11,9.511142897034587e-12,1.6129714850154115,1.3953971866110575e-11,8.154893272533776e-12,1.586984767812516,1.1101063046107287e-11,8.45369693708332e-12,1.6787360808246596,0.8670529266761038,0.8411572030794365,0.6274859456810137,0.5523799181066884,0.8184796620086385,0.7973246398143522,-0.74182260299537,-0.7088754977464633
S059,T0,6.051341572012339e-11,1.7367431528596853e-11,1.401310314958075,4.633741628469455e-11,1.2938207848792976e-11,1.396693576037342,3.3137018654815675e-11,9.045677069238464e-12,1.3430047423121985,0.6981492242952763,0.6015688637388942,0.43283615707301043,0.38847914053595856,0.8280213537719714,0.7893461164159505,,
S059,T1,5.967747155952084e-11,1.5493063848139017e-11,1.328821501645001,5.0091707150013245e-11,1.2501705745050968e-11,1.263680827448239,3.5660212870840196e-11,9.110491240142213e-12,1.2943275726023067,0.7423306420323477,0.6078369550378664,0.47315481731372416,0.3852004843120379,0.8316974407456172,0.7827238848002169,-0.7219566214232724,-0.767751905377788
S059,T2,5.724235978442489e-11,1.6861924199064045e-11,1.3677612467359697,4.575148584098397e-11,1.3434206633820238e-11,1.2389366381604907,3.228469119728685e-11,9.378851755383759e-12,1.2029140429776939,0.7358734728080084,0.6415541901157081,0.4747760881701113,0.43068798337771896,0.8254785150501737,0.805032825870431,-0.7219566214232724,-0.767751905377788
S060,T0,6.570638111254522e-11,1.507075825052605e-11,1.3749854556003316,5.382120250130956e-11,1.595041601325192e-11,1.4816349042210646,4.515083941600571e-11,1.1982332632361221e-11,1.335228883113323,0.4860356134983277,0.431421181802511,0.11232921902125297,0.1490019925113764,0.40919488574173096,0.4269868009249648,,
S060,T1,6.106064194772663e-11,1.4833426376156515e-11,1.4701502830551165,4.9963674061291436e-11,1.5782896916615866e-11,1.4953629290040136,3.479607850044186e-11,9.993360384522055e-12,1.37755329319867,0.4661285239347056,0.44230075113168177,0.11114576793361676,0.16381503955811302,0.45371181760609436,0.4504674041127622,-0.7542241813377596,-0.7473254284514685
S060,T2,4.640434572731801e-11,1.3164195338512529e-11,1.4445569630994746,5.85191842825216e-11,1.6409117289471098e-11,1.4772262648504597,4.700970953438804e-11,1.1614669637169837e-11,1.3738022753455266,0.6015373731471763,0.5386069087253179,0.18608529963060053,0.2103400943478682,0.4253671519052422,0.44328769343452384,-0.7542241813377596,-0.7473254284514685
S061,T0,9.196184885324834e-11,2.5975705399254988e-11,1.3658806448912575,1.0311500458787095e-10,2.6072202525606864e-11,1.349539891755046,9.17929154584877e-11,2.4875703306021083e-11,1.4301214118559171,0.8374095526834879,0.805621409719672,0.5545427537302274,0.5484435512201502,0.779029256941363,0.8249934428784028,,
S061,T1,1.0281419352026203e-10,2.4620482966966745e-11,1.441962585098841,1.1557267343828156e-10,2.5564622983873684e-11,1.4698298043796818,9.825395960836302e-11,2.3692540418194856e-11,1.4407760602891106,0.8477545796258357,0.8055022203312047,0.6172065348619236,0.5672977726142596,0.8400353277033172,0.8337388666176058,-0.7740608873938543,-0.742712993098145
S061,T2,9.228020540276718e-11,2.4878116414454924e-11,1.4903975224979853,1.0340689580022959e-10,2.580839506374952e-11,1.47645155045581,9.126185652508304e-11,2.5066351188811307e-11,1.441065064656252,0.8573880865772823,0.8065567822476353,0.5748237783573358,0.546536685022968,0.7894371418233828,0.8273321221345563,-0.7740608873938543,-0.742712993098145
S062,T0,1.3835340928480602e-11,2.1675860781550783e-12,1.4333182263835866,1.6225283570331322e-11,2.3189607569017225e-12,1.4258114144738885,1.2993225005556895e-11,1.9198685739690114e-12,1.4178084654366074,0.5292810417698873,0.7424477341477232,0.1409775788718621,0.45899832483594033,0.5291306230233943,0.7180848498889709,,
S062,T1,1.0969820613990838e-11,2.049508347363146e-12,1.3163574463862107,1.342056257103994e-11,2.2202133292441125e-12,1.3413350527102195,1.020412032270716e-11,1.7680484317272348e-12,1.42091053945965,0.5014706417920988,0.7390099220219414,0.21386518523735554,0.4858618473289877,0.6679077513892933,0.7527199469479499,-0.7624525797199441,-0.7535344242353864
S062,T2,9.566170982212415e-12,1.9020915957626717e-12,1.3439388491612378,1.2146126120495419e-11,2.067846659342887e-12,1.246532418744732,1.1053443948999327e-11,1.702849022793631e-12,1.3657462065811496,0.5684070723358006,0.7617640679220028,0.1390617247738225,0.48477389661611564,0.49695542133146253,0.7302751014448666,-0.7624525797199441,-0.7535344242353864
S063,T0,8.980465835767833e-12,6.422525042612696e-12,1.7409288554519258,8.367734598607422e-12,4.141814286089879e-12,1.5958225104161028,6.895544039496753e-12,4.841446036092997e-12,1.6778794215204298,0.8084885648085088,0.6236549915729798,0.6608682075096952,0.39342477957930255,0.8602283778496385,0.7674410311959294,,
S063,T1,8.564179228318297e-12,6.490234022357534e-12,1.6937700498699282,7.296130517244526e-12,3.912152611106193e-12,1.6846258669048506,6.081529969608452e-12,4.6227209327329275e-12,1.7714695437342123,0.7583203525827406,0.6280120711333643,0.6045625179290304,0.3788067262624554,0.8437427475170547,0.7569640504967898,-0.8221535315500672,-0.7144524475899005
S063,T2,1.002690485683889e-11,6.9338675562820656e-12,1.6790172151867189,7.809914209214896e-12,4.0579522454170484e-12,1.8271438881011923,6.432260088541926e-12,4.886575627463126e-12,1.729199724334866,0.6740181289778804,0.5810626927154788,0.5560449984872873,0.34978512047695937,0.8571459425222498,0.7634907463374051,-0.8221535315500672,-0.7144524475899005
S064,T0,2.625615982391561e-12,8.669474453618439e-13,1.437757214774867,3.0739777136550334e-12,8.83188506644321e-13,1.4895204042490844,2.1085571647409644e-12,6.914595833006342e-13,1.609610014663249,0.792862035305673,0.6908338546099647,0.5716657425419229,0.446405963627111,0.7837724024289521,0.7183741098696913,,
S064,T1,2.4649579190686776e-12,8.147611872191508e-13,1.4240910776423459,2.702447686740859e-12,8.305265757481175e-13,1.3910141338932422,1.9754107454081875e-12,6.43594474504455e-13,1.5482619428387598,0.807834401751872,0.7050535151627507,0.6338797372823981,0.47741086088677165,0.8148777389950013,0.7327966653972309,-0.7306453193918441,-0.7073308531364945
S064,T2,2.61590941390845e-12,7.870839519059914e-13,1.4675241816373175,3.083267084943907e-12,8.164363342413412e-13,1.2856858968934606,2.172868483076559e-12,6.622968900802525e-13,1.3817974451662662,0.821579000576617,0.7133119597644649,0.610342472121684,0.4647176553020929,0.7828631003682598,0.719018921006805,-0.7306453193918441,-0.7073308531364945
S065,T0,4.486365740127198e-11,9.060161260186579e-12,1.3331474482886692,5.438540906783113e-11,9.21838703445047e-12,1.328267784010729,3.839429216765884e-11,7.86475469719463e-12,1.4158710980611937,0.843425933291522,0.8114524561911839,0.5667283922574783,0.5077272209201836,0.744006209743773,0.6815290912349147,,
S065,T1,4.2203727806314607e-11,8.865466955745136e-12,1.3688697290033403,4.642314240698395e-11,8.933600265457644e-12,1.3613713864646626,3.1610638508487194e-11,7.570400406529576e-12,1.4328407881116685,0.8428670335280871,0.8101378614148382,0.5738730695904448,0.531398642004275,0.7543125817342068,0.6964215606989193,-0.7381129842327108,-0.7434149027499198
S065,T2,4.085950661977747e-11,8.159143446062054e-12,1.2918273217077476,5.0615392910441444e-11,8.460549731980339e-12,1.2351440605962152,3.481687585965108e-11,7.1921096593253405e-12,1.3858949203316757,0.8525714953393391,0.8114098520829298,0.5799080115072237,0.49362437535509773,0.738181033164084,0.6740128898650477,-0.7381129842327108,-0.7434149027499198
S066,T0,2.542145581339577e-11,4.6539094278498904e-12,1.2253401401989785,2.1120055837710143e-11,4.8777447367093035e-12,1.233238132534636,1.4901331775507374e-11,3.058075672213604e-12,1.2002637888625984,0.7289348149855871,0.7394174630514082,0.4331863956620633,0.424344385421264,0.7186286867688501,0.6371623549539226,,
S066,T1,2.8708712647417702e-11,5.3386397975816545e-12,1.1319525156026982,2.5664448546938568e-11,5.836665774711331e-12,1.2548216072009595,1.826196611702361e-11,3.3642456865355464e-12,1.290846809243092,0.7091494697248448,0.7154239760300375,0.4496701188327505,0.41074800906492726,0.7246597766506895,0.6337825143832513,-0.8706920285424928,-0.7842255097402296
S066,T2,2.7709654586830417e-11,5.8886380634802804e-12,1.2409147470286297,2.2671004357074456e-11,5.9497676860442016e-12,1.2684006158941334,1.987806056907667e-11,3.689601456583569e-12,1.1675207327836572,0.711645479211606,0.7307373568127417,0.35766176046561693,0.3943270910352213,0.6609883466937909,0.6104178411765815,-0.8706920285424928,-0.7842255097402296
S067,T0,1.6291207978384542e-12,1.5076266950642464e-12,1.7051038375285519,1.2061466743291634e-12,7.586275347563384e-13,1.5748481200121782,1.3460970933831503e-12,1.2614643748093374e-12,1.3766673312927264,0.6299228193299147,0.5282833753925049,0.293088170723964,0.2083932281127747,0.6104156875156048,0.5897262012649177,,
S067,T1,1.8313763207195186e-12,1.8581731950938857e-12,1.6820047554058948,1.1102507192347004e-12,8.1395542082401e-13,1.4917191420648441,1.251841010486882e-12,1.3480727105001484e-12,1.4317992512996283,0.4979878403888701,0.47555380429248445,0.22916812250581592,0.17056732548353062,0.6204359306249213,0.5847577800805153,-0.9874864056876608,-1.073058395663884
S067,T2,1.4562298691083417e-12,1.5244255443261215e-12,1.6343372006478178,1.1294917043408601e-12,8.021497833366004e-13,1.5927972748812516,1.2114363754810365e-12,1.3414821699489834e-12,1.627437777739192,0.6552684625634171,0.5624682910227291,0.2737995912370516,0.24873472360262708,0.6034046021621364,0.6091280497290622,-0.9874864056876608,-1.073058395663884
S068,T0,3.4612434543995614e-11,1.162496758581963e-11,1.3688341856047306,3.134934708812728e-11,1.0817149037015599e-11,1.315582537770055,2.1780623575839446e-11,7.430033191806266e-12,1.535132400744393,0.6600950239548495,0.6060522150319513,0.37460556816649154,0.3863404211072191,0.6977722424878778,0.62733937010364,,
S068,T1,3.618777409916306e-11,1.0978032417925206e-11,1.270883509608563,3.270629532474512e-11,9.633326316006765e-12,1.301443312105703,2.2111562989026696e-11,7.386124624018131e-12,1.456331916684948,0.6508435658937011,0.6440065025710838,0.3754190653329556,0.4305902363448427,0.7105876737652324,0.6838362325562511,-0.7241634004529186,-0.7078667664882031
S068,T2,3.614887746220891e-11,1.0908143855366766e-11,1.4132792688740037,3.509154913169156e-11,9.838290677997634e-12,1.3797041171547286,2.278511390742398e-11,7.3740207458421e-12,1.5066124596704886,0.6820437358010859,0.6511746621036709,0.42405437290013676,0.43780583920746263,0.7382110386731812,0.6544108716650137,-0.7241634004529186,-0.7078667664882031
S069,T0,1.768800650294487e-11,7.491026477659278e-12,1.7002218619390495,1.5829415414163375e-11,5.215582783600781e-12,1.544736644123902,1.402482375226059e-11,5.3695154838195545e-12,1.6159941510333244,0.5950623540458178,0.4698396410635909,0.2272554154547376,0.11716570316089323,0.62395559683232,0.45306670610897076,,
S069,T1,1.777088973613499e-11,6.2072562076504196e-12,1.6079430197049203,1.497587485510368e-11,4.51588650363237e-12,1.5524881030762767,1.3295462242939008e-11,4.428307146731402e-12,1.620982798135746,0.6089442641896317,0.5274077923026533,0.2035516827197656,0.18593149293290626,0.5912675080522855,0.5350963489464905,-0.7383119076542383,-0.7145096112760032
S069,T2,1.6079533502125376e-11,6.287825029913859e-12,1.7423831958301614,1.4583825807639744e-11,4.789542652857248e-12,1.578918111217362,1.3421212589473268e-11,4.8055723877510455e-12,1.5575059027549787,0.6801011305703373,0.5193640338997881,0.3196926638777115,0.17537750638611027,0.6530363653141018,0.5215495376022965,-0.7383119076542383,-0.7145096112760032
S070,T0,6.312370161410289e-11,1.6610708120047446e-11,1.0657097380745133,6.423974586103143e-11,1.3396756266476283e-11,1.0575112291606208,4.4028322985195584e-11,1.0770396611460599e-11,1.039098161135702,0.8219509162192459,0.8301423351352414,0.6373823032509172,0.6651560006716847,0.8640564119552043,0.8347938195338197,,
S070,T1,6.527944613614857e-11,1.62796959224092e-11,1.0303096978959585,6.851379228768534e-11,1.3184154812724986e-11,1.0763454878923584,4.6271067036658726e-11,1.0098707471148437e-11,1.0201773284385316,0.8283609038078814,0.833113714749224,0.6747874845562936,0.6970140331614758,0.8864074676513507,0.8602042229933629,-0.7209589801800556,-0.7037380244105059
S070,T2,7.291983379692323e-11,1.6243311760757918e-11,1.0330229765961203,7.422844151556941e-11,1.3404502289989155e-11,1.0286931258821022,5.023889285586719e-11,1.049718213433827e-11,1.0600339394360656,0.869271760224702,0.8604891327700875,0.6963115121135033,0.7090787820025108,0.8712349096888317,0.8492795167733291,-0.7209589801800556,-0.7037380244105059
S071,T0,3.6039745553619267e-11,1.0434173679408969e-11,1.2267403846127836,3.561528668114737e-11,9.846279926308085e-12,1.266987309323804,2.8275978384464175e-11,8.449318705256479e-12,1.246532418744732,0.6881431494038637,0.6908841098350467,0.4453060953306387,0.4971911637236409,0.6595763762290283,0.7075904175914783,,
S071,T1,3.83800237479358e-11,1.106003269432315e-11,1.1183996982752473,3.7881977339609515e-11,1.0196689827263307e-11,1.1405373852991194,2.7046934146032737e-11,8.105453116248304e-12,1.169803185818423,0.6691403724614124,0.713088556371276,0.45485131613173724,0.5401369425461892,0.7552564016554831,0.7570511265160276,-0.7512624757557044,-0.7402642669360076
S071,T2,3.4701662041528276e-11,1.0087559110580532e-11,1.2114360509651427,3.403719361822807e-11,9.463256673136439e-12,1.240975012743326,2.6767885861358257e-11,8.220721254894854e-12,1.235002938848176,0.7576034035370998,0.7340014615092942,0.45905531576812375,0.5418878341804296,0.6558016056759642,0.7127687652996537,-0.7512624757557044,-0.7402642669360076
S072,T0,2.131168556357702e-12,4.2805241360132607e-13,1.6700743580056419,1.3398221349866154e-12,3.7565455207234423e-13,1.633092617160265,3.1662278651097325e-12,4.393344386552246e-13,1.667612002371877,0.4358239939129369,0.6691972166169451,0.05913964453929321,0.24414756575977295,0.5516990176914183,0.5712357764742305,,
S072,T1,1.911553771737467e-12,4.120083424626288e-13,1.5588440546400535,1.0661368500810778e-12,3.5512758265076144e-13,1.5917968816301993,1.1790729505129718e-12,3.21714745661203e-13,1.648479718707935,0.564448173384628,0.6961803100052067,0.1744258634383325,0.3257257637024494,0.5951277662737059,0.6590504596821596,-0.9161772244884046,-0.7828080383443465
S072,T2,1.4112873255745577e-12,3.751477954371947e-13,1.4880997242273675,1.2732512822786815e-12,3.667609764638641e-13,1.5113231947593437,3.3022248017064017e-12,4.590849620134031e-13,1.4032299476046814,0.5083157126327102,0.7062319988508833,0.12492253145514311,0.26555310762526624,0.5995776428483213,0.5795966640046485,-0.9161772244884046,-0.7828080383443465
S073,T0,3.99430711671931e-12,1.429587043430455e-12,1.3415805231017888,3.873132556138032e-12,1.325420002767804e-12,1.3611956831901644,2.748681950965201e-12,1.173986405499837e-12,1.5494887381273035,0.8807519180487335,0.756712395734589,0.628061800006054,0.36793341183178246,0.8262456303656287,0.6237880676252049,,
S073,T1,4.63793753218275e-12,1.3864032017473048e-12,1.3141482989404474,4.318382655279789e-12,1.2358503591020847e-12,1.3007811117512829,2.9079415884175537e-12,1.090811945722203e-12,1.4986111452232689,0.8945831769284194,0.8061926652977848,0.6626497952393073,0.4851816880305582,0.8547235087782361,0.7102047441287851,-0.7342091297429787,-0.7207321483731235
S073,T2,4.188783760132989e-12,1.3170165210267116e-12,1.4470374920912965,4.1010948503750135e-12,1.2423369372424423e-12,1.4343603780983814,2.9863635505530064e-12,1.1134332187778245e-12,1.5608116692551182,0.8851909964480318,0.8072980226924161,0.6591642825434108,0.4631916189814676,0.8419440031851153,0.6712955662768836,-0.7342091297429787,-0.7207321483731235
S074,T0,5.592498060156975e-12,3.10424892264069e-12,1.4222303746626073,6.768594199429939e-12,4.365890382808837e-12,1.3326675641598458,4.870953446286308e-12,2.522566976299752e-12,1.3189149289807156,0.7758286098215728,0.7476612899381457,0.4221070869217577,0.4923949415098799,0.6859715763336581,0.7269564082117304,,
S074,T1,4.159597072562796e-12,2.7226303134376422e-12,1.4111443177433143,5.158291844258738e-12,3.830740710905384e-12,1.3465186234387785,3.5661877643974595e-12,2.2721070361847707e-12,1.2914296874716873,0.796172286486097,0.7447683119672559,0.47572943674795654,0.47947212184508653,0.711600011374794,0.7330298026029184,-0.7486192203741349,-0.7759605756351472
S074,T2,4.5513252925547184e-12,2.682594505745868e-12,1.5540371613557875,5.612946432988528e-12,3.744796474091239e-12,1.3959303254190707,4.2576777827369955e-12,2.3982259499281892e-12,1.1451854816494655,0.7983305006527506,0.7503408564153481,0.4709768077757308,0.4838846185613268,0.7093374135483685,0.7235828059941996,-0.7486192203741349,-0.7759605756351472
S075,T0,1.4995188271964455e-10,2.437260259083966e-11,1.7079860875122006,1.7233064050485996e-10,2.0215339859258764e-11,1.3673194668679551,1.0972305876440536e-10,1.5197073799888512e-11,1.5511491365630934,0.6057368388973984,0.5548244642332101,0.32275926297018787,0.3667989318081989,0.6389527793362857,0.6523831455537377,,
S075,T1,1.1636093924615263e-10,2.364921219418771e-11,1.6511934811905697,1.2818979151669187e-10,1.9368346022515154e-11,1.4667578999411421,8.54000145187209e-11,1.4614351368863335e-11,1.6252448431319386,0.5873031797744013,0.5758865946809602,0.3470007714113369,0.37486525214096866,0.67112424792701,0.6715174302161463,-0.8367838279171791,-0.7609635356005406
S075,T2,1.3689869385755228e-10,2.3833898811925865e-11,1.6634270132817048,1.566736539155809e-10,2.1365564740863244e-11,1.3392252352213552,1.1047737469522597e-10,1.6269192198040905e-11,1.5613318066228625,0.673196058769083,0.6005348322832844,0.44355816260473835,0.43485841270202547,0.6850292764649797,0.699326610619509,-0.8367838279171791,-0.7609635356005406
S076,T0,3.4296107272132057e-12,2.1710400807096175e-12,1.6372898203061974,3.40520546674317e-12,1.8925676391552334e-12,1.684863697209899,3.1170198646122355e-12,2.0229897920059985e-12,1.6620214539069842,0.9156458160156002,0.8659214813903511,0.7914123826433296,0.5895971621274584,0.9296866366767556,0.8310051099553311,,
S076,T1,2.502896457204452e-12,2.3958518918541677e-12,1.5898334454826402,2.352024144676615e-12,1.974037512497991e-12,1.581951617253964,2.2072755100027713e-12,2.1301512684114443e-12,1.5421092543505166,0.9029796312865599,0.8458548592048273,0.7455933268183557,0.54920231820252,0.9095278122055207,0.8117616075612474,-0.7602996866659973,-0.7421297733980909
S076,T2,2.9845570302946715e-12,2.2014522096807134e-12,1.6731595917336566,3.022278983887062e-12,1.909659766135376e-12,1.6888650460654222,2.863474484792879e-12,2.074177418532649e-12,1.706291472546994,0.9203877097375842,0.8662704796231953,0.7875953871870425,0.5740323413400921,0.9276032148139053,0.821442773578835,-0.7602996866659973,-0.7421297733980909
S077,T0,6.208204335872222e-11,1.5021844110865242e-11,1.1327211292780317,6.690768569158479e-11,1.5496932089759176e-11,1.1686103320105798,5.330598409599577e-11,1.3323482480479387e-11,1.245694968756542,0.7630828835405516,0.7306672139538616,0.42474582647049486,0.4634231218772232,0.5925108064851041,0.6800964108664228,,
S077,T1,5.612311594320823e-11,1.4215727592083488e-11,1.1657250328442932,6.480649032137722e-11,1.5322235548248757e-11,1.16493037268548,4.923987871098181e-11,1.2952054745232425e-11,1.2271109580380222,0.772589223846883,0.7384900140657348,0.5223065039976871,0.4649257870843835,0.6931874895331486,0.6773474622654145,-0.729744016867988,-0.7267447898851177
S077,T2,5.104789402947377e-11,1.387913013646186e-11,1.144720400270817,6.022427000320632e-11,1.450377289239605e-11,1.2156735631960833,4.763403015623777e-11,1.1846940025849159e-11,1.1067555653041028,0.784410578741854,0.745714098771445,0.5012746142932574,0.4870215864724547,0.6485713233788659,0.6922378011865692,-0.729744016867988,-0.7267447898851177
S078,T0,1.9549241069725805e-11,2.6631985017266694e-12,1.4943652933325207,2.591099967187178e-11,2.4573550527823455e-12,1.4165667864560174,2.211115155225896e-11,2.0556395288490362e-12,1.43977520688703,0.8368334330174515,0.6465464164943154,0.6766214940225381,0.40411541042343024,0.8416105851728908,0.6887870014912865,,
S078,T1,1.763180783655011e-11,2.250089669198593e-12,1.5067104620552918,2.2784367922271662e-11,2.235602018354368e-12,1.379217757717922,1.8857365901098245e-11,1.962595047091422e-12,1.3998790529096636,0.8131285940301277,0.6573931882004311,0.646374748770069,0.42372400222519907,0.8112455853241309,0.6826080477958386,-0.9281591798118753,-0.786326304652921
S078,T2,1.9069322593712676e-11,2.8227093224500455e-12,1.3572559239974118,2.4784201570966477e-11,2.5425571005924168e-12,1.3913180948226076,2.1839742520094904e-11,2.0937241137188814e-12,0.5743961332118331,0.8314182868550993,0.6383918750747907,0.6324401658321455,0.3763524341423567,0.7955612872349558,0.6733265353016746,-0.9281591798118753,-0.786326304652921
S079,T0,8.736302272493695e-11,2.500840619493525e-11,1.495013890622927,9.077455072416517e-11,2.2687556657077165e-11,1.336262489373458,6.727665468392325e-11,1.7744262442133676e-11,1.3349134409527796,0.7527863470199025,0.6246414328360904,0.5290142910362308,0.37477661558393427,0.7510369352365129,0.6798449127282693,,
S079,T1,7.739110690894646e-11,2.5729255004978636e-11,1.4648374434186613,7.563477795758147e-11,2.3104816663763762e-11,1.456654888912468,5.5693087356175825e-11,1.8541884474095783e-11,1.475767331278488,0.7295419477981577,0.6218324703682997,0.5217257228191348,0.4022357849243788,0.7498043895628074,0.7141667434602997,-0.7664090570902891,-0.7343168200056832
S079,T2,8.869604498600201e-11,2.88093848851123e-11,1.4603890958673498,9.69101259794257e-11,2.7829792398454496e-11,1.3569519928242946,7.217263688303529e-11,2.106705825755717e-11,1.3360078626895209,0.7273236866398107,0.6438320899559044,0.516037907962153,0.3905371794120792,0.7469195746123038,0.6816513588294583,-0.7664090570902891,-0.7343168200056832
S080,T0,1.8076014992906404e-11,6.835689159316528e-12,1.3295990174433454,1.681978681400078e-11,6.186973537242164e-12,1.2791747333598196,1.2105470061728915e-11,4.4028435856814324e-12,1.2952714333271858,0.7983481474345494,0.7746427431812926,0.5689990757311395,0.5290381264684461,0.8175715614786665,0.7776988127851286,,
S080,T1,1.6518836276260846e-11,6.291455294080565e-12,1.4373704923808865,1.5934449644896934e-11,5.581831384405434e-12,1.4124396412242128,1.0485705754583393e-11,3.8494163229354815e-12,1.478808513667847,0.8268837179855494,0.7976351024862194,0.6212623639156947,0.5831612128745186,0.8335034657613899,0.8025400414041546,-0.7098565082035978,-0.7049735001810148
S080,T2,1.6379588611219236e-11,5.864617246467133e-12,1.3348698072978797,1.649481094537561e-11,5.591681858627856e-12,1.3312441179614134,1.1789332586946427e-11,4.016394125875079e-12,1.323741937953949,0.8312107051777271,0.8058248616513409,0.639229484391179,0.5755117615849884,0.8438644136259281,0.7970771512897797,-0.7098565082035978,-0.7049735001810148
S081,T0,8.1936632221927e-12,2.0734060804805327e-12,1.168912697064742,7.554679141147992e-12,1.819043843499374e-12,1.157389964755103,7.83911068796786e-12,1.913542361338316e-12,1.1549773210667371,0.7845608529353432,0.6079133107210011,0.7849460456150856,0.6077499480352365,0.9994977709492204,0.99737835528761,,
S081,T1,8.337027051935396e-12,2.20999380000384e-12,1.3083328196501787,7.30528258886413e-12,1.7764865610273918e-12,1.2807332637745,7.562985278968744e-12,1.862688969805385e-12,1.2804479020791972,0.776033079282691,0.6014555423742067,0.7757007605655675,0.6006478570740218,0.9995159935037575,0.9972945356393808,-0.7142221101041184,-0.7197429257108018
S081,T2,7.890632713195917e-12,2.111648147155625e-12,1.3036589081250436,7.146415500133891e-12,1.7355875655201809e-12,1.3173115556154547,7.418990876216453e-12,1.8286061266053286e-12,1.3316262288504854,0.7930850946167605,0.6055136611277094,0.7927205108167411,0.6065434451025032,0.999550555637863,0.9973146214274033,-0.7142221101041184,-0.7197429257108018
S082,T0,3.5164724473547715e-11,5.874068816612664e-12,1.4064640282440117,3.4401160250230895e-11,5.181168580749156e-12,1.2778925136223176,3.626818972906732e-11,6.1255202605302625e-12,1.3246916970734788,0.7344847396682308,0.6208197107506742,0.370713509652015,0.33474137989174574,0.6758900915114376,0.6281624458676338,,
S082,T1,3.4569801560922183e-11,5.771446143703588e-12,1.6000186905176088,3.706475606023544e-11,5.561927155537256e-12,1.3490548773122748,3.7598565872902895e-11,6.101161266822382e-12,1.3864378640260708,0.7976657886685645,0.6676485759740265,0.4803077508135597,0.3901203346848076,0.7530683030969998,0.6439497451110865,-0.7468117974841203,-0.7217652359284028
S082,T2,3.419578961578344e-11,5.917046478374749e-12,1.4204762997313778,3.5745611889986826e-11,5.419461204669346e-12,1.227075851099132,3.793930080622977e-11,6.399972108149398e-12,1.351558200966217,0.7942373610255693,0.6407507436487105,0.4007212236842555,0.35989199249682974,0.664148388908328,0.6482127355648922,-0.7468117974841203,-0.7217652359284028
S083,T0,8.228443704964137e-11,2.6010539036516525e-11,1.4032574819003514,8.713733695155068e-11,2.364434882961068e-11,1.3820043502503827,5.7160394840865774e-11,1.5910941083396204e-11,1.3756365015462855,0.7859610737276396,0.6056134779028067,0.6003631545427763,0.27773363464295425,0.8131232283999906,0.5953656918792519,,
S083,T1,6.224508308112572e-11,2.291367315947838e-11,1.409466129574659,6.942992750974912e-11,1.9596560239441642e-11,1.3391317466291337,4.572570703204858e-11,1.4221833045472012e-11,1.3750077442101267,0.7829004772199701,0.6070939776203769,0.5978916985602478,0.27598197160444865,0.8305281850526522,0.6204431415009332,-0.7446973296133278,-0.7149564336979185
S083,T2,5.885551944274444e-11,2.1955563388704127e-11,1.4111747046411909,6.564119478651516e-11,2.120649203161213e-11,1.3282546443334855,4.4427959879061936e-11,1.5805214035694922e-11,1.4641576273204948,0.7934980851728277,0.6159732593773779,0.6002474651131533,0.27382255421216495,0.8006538027262897,0.5867070650169779,-0.7446973296133278,-0.7149564336979185
S084,T0,6.477361659327112e-11,8.973614588842069e-12,1.2161794315298478,5.1770271345364476e-11,7.46477432370259e-12,1.1667919328314933,4.667654338117687e-11,5.970510325723959e-12,1.1500557863668528,0.6891807357307994,0.6188248717758162,0.15572204273197623,0.20788167478393088,0.46525353969540734,0.4622511513044943,,
S084,T1,5.8089510228038855e-11,8.212510259350115e-12,1.1553709911079133,4.994598522342054e-11,7.755491622701755e-12,1.2157006386418145,4.1048148198211784e-11,5.948691794384395e-12,1.2341865829224326,0.7108898539870012,0.6327685070907823,0.3331515179778486,0.25806702284816263,0.6355364845476241,0.5250420726237318,-0.9092180677447471,-0.8617244266547086
S084,T2,5.7334480667641026e-11,8.083998260298914e-12,1.132836161055687,5.6916111089073425e-11,7.532561420593557e-12,1.191758912031998,6.539376635402606e-11,6.563587838218828e-12,1.196461109423676,0.695391744214805,0.6445705608506201,0.13991381540633707,0.20445793407615417,0.454680826244512,0.4475805975604112,-0.9092180677447471,-0.8617244266547086
S085,T0,1.7852012405483552e-11,3.5705302259207234e-12,1.5053146378867768,1.3447714824380459e-11,3.3984635814859754e-12,1.4747358027061332,2.2134058329523377e-11,4.3720581693390966e-12,1.4748931063362287,0.4121772083209039,0.562715288693043,0.011700243418122456,0.16661568927351392,0.11704891899023445,0.26651014750474583,,
S085,T1,1.7253534309826586e-11,3.498553748362409e-12,1.4588766356216094,1.2702045635113885e-11,2.991485570895912e-12,1.5266826954977133,1.6249493617802553e-11,3.830556489457396e-12,1.400929528144786,0.4884768049488625,0.5582491621031506,0.05051252573983665,0.18245063968947078,0.2038740345566264,0.2720200101820846,-0.7569529670533754,-0.721413661247663
S085,T2,1.5179444370683732e-11,3.2511195771782753e-12,1.4136248667778264,1.474566391720149e-11,3.318830353951343e-12,1.4578685683229806,2.5671663565572905e-11,4.66352007014836e-12,1.4092838793445894,0.6083659568819029,0.5790472373410267,0.04927944644658373,0.17976771271244593,0.11970029194865911,0.27666316292631155,-0.7569529670533754,-0.721413661247663
S086,T0,2.3633061089104325e-11,6.795787430381975e-12,1.4687428232872366,2.641739122623976e-11,7.139879369684813e-12,1.4348014129390145,2.182659532103661e-11,5.7610864610755655e-12,1.3978373904015655,0.847126826933452,0.737813309337971,0.6628732645266672,0.4824638838314064,0.8561257515155842,0.7517839961743491,,
S086,T1,2.8529571587898737e-11,1.0297603321715357e-11,0.7076228649376898,3.0580735765428876e-11,9.020000314816445e-12,0.9238746722365454,2.60470386581337e-11,9.082514450673806e-12,0.6899530455835325,0.8160381621797013,0.7705363937983254,0.6646914285137635,0.5842699227421841,0.8670451027021331,0.7731191014054452,-1.0292047694089679,-0.9521640830180538
S086,T2,2.3539709013176774e-11,6.191692609014744e-12,1.4702800171929835,2.6768056587882225e-11,6.634073072543841e-12,1.3275103950031826,2.3125032173683876e-11,5.390415111526577e-12,1.2885233500452673,0.8725732422833444,0.7886958499783179,0.7125148731875823,0.547620656099929,0.8657212316545502,0.7800103310748273,-1.0292047694089679,-0.9521640830180538
S087,T0,4.7900876307470716e-11,1.650470182981742e-11,1.304898326483707,5.060324169860251e-11,1.625812110743494e-11,1.435489465566166,3.645559047415748e-11,1.426632138978441e-11,1.614474069613979,0.7846849371607711,0.6952528065578172,0.4844365197881489,0.3647270865467565,0.7263771848047067,0.5924204989768492,,
S087,T1,5.090693191483263e-11,1.7347988998781517e-11,1.2274627325504497,5.50291741840828e-11,1.7323731424700046e-11,1.3485913426917584,4.0943965097514666e-11,1.5154083083772903e-11,1.5170295013297332,0.7990500332197754,0.6975201230640716,0.4891579833299592,0.36846786588307434,0.7238274623371383,0.6065459984105093,-0.722825947381341,-0.7526203922032626
S087,T2,4.244548281101797e-11,1.611084161169957e-11,1.2354864621285233,4.793864558137459e-11,1.592188102696283e-11,1.326039075014166,3.824787397540234e-11,1.507888889202347e-11,1.6088923090741984,0.7743167651030716,0.6989949107293699,0.46597456851153096,0.3528015353986183,0.7260683402821437,0.6026139478412975,-0.722825947381341,-0.7526203922032626
S088,T0,2.716141645455611e-11,8.808170746248122e-12,1.5148032772234414,2.48203024071498e-11,7.462948469281992e-12,1.494895710692298,2.0013144607968955e-11,6.753261560368957e-12,1.6462181994551377,0.7591523498291015,0.6941895448349581,0.48656059639957544,0.37391154923880066,0.7498490654222232,0.660923093401581,,
S088,T1,2.3686210179722776e-11,9.010457323949088e-12,1.517370332962208,2.2406921425586997e-11,7.617435289913182e-12,1.5427517232992203,1.845188084180202e-11,7.167975322640456e-12,1.5781715662122406,0.7026216124357949,0.6835751634763972,0.4398141036296537,0.3903533698522712,0.7182241924774525,0.6624677613220362,-0.7533886136595889,-0.7284317775081934
S088,T2,2.869048861732466e-11,8.952036704862235e-12,1.3688183120386253,2.595508595596843e-11,7.474014607078456e-12,1.350543810458262,2.048811383218219e-11,6.876543485844246e-12,1.4775193295234454,0.7783123379910402,0.6887460323338515,0.4951572753546702,0.3756945916375262,0.7479870753300757,0.6606801387579609,-0.7533886136595889,-0.7284317775081934
S089,T0,1.0982009565746652e-12,4.931150487359174e-13,1.425207473930645,1.173805197227218e-12,5.286886558146351e-13,1.3743868967061468,7.859824860043875e-13,3.2716064118698083e-13,1.3710919656168543,0.8560947021010986,0.7781693786289772,0.6186704578356235,0.4581226489579772,0.8117301751562565,0.6691083576519021,,
S089,T1,1.1417834843575772e-12,4.311512771121037e-13,1.497519996230115,1.2730717965283379e-12,4.870169035925685e-13,1.5266032526585003,8.3387414086217e-13,2.9730264081073634e-13,1.444142946320028,0.8675110111511025,0.7939535131726976,0.6796515499290101,0.521611653136164,0.8558047816490115,0.7262251458323756,-0.7211929604643921,-0.7074343491730996
S089,T2,1.1141242767733661e-12,4.2911213160386704e-13,1.570638856664094,1.21302746714407e-12,4.850068309169432e-13,1.5900881442542243,8.060577792211982e-13,3.064225717112647e-13,1.4944835718645644,0.8844647566771997,0.8124874542971648,0.6947394543845051,0.4889444750907955,0.8529865322684658,0.6666215582382385,-0.7211929604643921,-0.7074343491730996
S090,T0,4.9385192157914815e-11,1.3107237213404089e-11,1.710025149339269,6.021412687728697e-11,9.167796260541814e-12,1.3964892682181427,4.9926649398658326e-11,8.037152592089412e-12,1.479471585974074,0.8324149648351391,0.6525301314856591,0.6147120398839988,0.3447354137146897,0.8700442224909103,0.7303065566943925,,
S090,T1,4.233292004103734e-11,1.2586848445751798e-11,1.7242667361930524,5.037943264592274e-11,8.786648525092754e-12,1.4171778328353435,4.058480943052441e-11,7.44397712159457e-12,1.5562461836842572,0.8341341008963561,0.6553764026491903,0.5987054217809279,0.3570866585821207,0.8422684795201165,0.7456002116499473,-0.7231719856220126,-0.7433528794235593
S090,T2,4.21059991645593e-11,1.2109154932402352e-11,1.6944970303956521,5.1010194642767476e-11,8.159782294624558e-12,1.2996707463593236,4.156328528202874e-11,7.0502201274352604e-12,1.4784590010616105,0.8264195581002938,0.6641700858946293,0.6161420038956893,0.37346866821738395,0.8716268944790826,0.7635543990365466,-0.7231719856220126,-0.7433528794235593
S091,T0,6.53710606769479e-11,2.60481616321322e-11,1.4009866030039149,6.410674731516114e-11,2.667654566373797e-11,1.410569298299857,4.125913296093522e-11,1.8178330758592222e-11,1.3951885792543495,0.862000230673345,0.8164232012134562,0.6555153300137881,0.5466451641567923,0.8500448136781387,0.7520851668576347,,
S091,T1,5.371867223435446e-11,2.481183766947183e-11,1.3851227148229999,5.2370659947896794e-11,2.4562742677306022e-11,1.4095044390691436,3.390222899862664e-11,1.704605446312406e-11,1.420473826764635,0.8694086523011858,0.8159449529839046,0.6774534442174196,0.5512412664897136,0.864897258826383,0.7593357657950721,-0.8224470865318638,-0.7277013589205819
S091,T2,5.853785590631311e-11,2.5586092017196877e-11,1.4326648440442245,6.231265546813987e-11,2.5474703245821316e-11,1.397866489279555,4.027799117567271e-11,1.71956350427121e-11,1.4142725615461111,0.8962699189395659,0.8190500183036937,0.6710819713533811,0.5486572251459768,0.8330928924382222,0.7438453283893598,-0.8224470865318638,-0.7277013589205819
S092,T0,1.1096464881226756e-10,1.8980188990512592e-11,1.1546333851631019,1.250233108959387e-10,1.485887235280205e-11,0.9966771239314577,8.619911698777298e-11,9.517063613627892e-12,1.177316070288054,0.7591632987612948,0.7041454788209818,0.4820687645871199,0.4848632331738077,0.7833440614801885,0.7628260724558303,,
S092,T1,1.1847370458088278e-10,1.8917189203087756e-11,1.092909541085963,1.332261952477562e-10,1.4468386684535646e-11,0.9972375038278204,8.955369078138584e-11,9.013729100647365e-12,1.1284150769583954,0.7624941357874748,0.6975285154445804,0.5201397576315945,0.49299930866918923,0.8148198295083663,0.7757745122742649,-0.9892115455274995,-0.8524081782271008
S092,T2,1.0457866669432467e-10,1.8900650121454097e-11,1.2336430184052956,1.125384569888847e-10,1.4913279112902896e-11,1.1501153829810151,8.406820630917212e-11,9.955292057194964e-12,1.233992601299816,0.7572698730392488,0.7108353677480527,0.42096957168480786,0.4747898235356524,0.7348044513845485,0.7447333372547588,-0.9892115455274995,-0.8524081782271008
S093,T0,1.1323507969702586e-11,2.112878318634227e-12,1.2903981716423756,1.1473620669135791e-11,2.294880635339264e-12,1.3115834799118065,9.150305097908636e-12,1.5410003358916822e-12,1.2116549779921597,0.6274578824530119,0.5442796932201392,0.2484851183282357,0.32178119461615745,0.4956408161805368,0.5782071834299807,,
S093,T1,1.0087510595364504e-11,2.023245530712784e-12,1.2966376049126562,1.011162453805858e-11,2.4036761068397544e-12,1.2817697038327438,7.104071226292579e-12,1.4855031659221755e-12,1.2763710192096487,0.5747663903955702,0.5498787976718221,0.2805055244514082,0.38773936738291115,0.5902903805264437,0.6097103650367005,-0.7894477317812405,-0.7583587072930775
S093,T2,9.397055839174926e-12,1.989910586966438e-12,1.4438685753816303,9.989401096008236e-12,2.414510227798025e-12,1.49800138657329,9.072009827433402e-12,1.6381377098181125e-12,1.3678954965330958,0.7061063628568902,0.5871521133236612,0.22597746220403325,0.3713676809590817,0.42579861149771386,0.5970509941127221,-0.7894477317812405,-0.7583587072930775
S094,T0,5.015580783661646e-11,1.1882721422091984e-11,1.4509154961614288,9.465408805712235e-11,1.7417263154044278e-11,1.1741274677487588,1.102378006817732e-10,1.9874238819431347e-11,1.1911613696242471,0.6150863715011441,0.4745939937757958,0.30727306577402014,0.1855986400644069,0.6879343908029304,0.5017432234332034,,
S094,T1,5.757283019257313e-11,1.1814339299316587e-11,1.4870093684275902,1.0851354935629053e-10,1.8087019305485378e-11,1.2002178225056332,1.004821271753964e-10,1.7018092868486762e-11,1.2014425300679683,0.6449841810456285,0.4806151420646132,0.4122642885913954,0.21363785832512924,0.7612840277706484,0.5461593141042124,-0.7472132271107786,-0.735573283495188
S094,T2,4.735636011814144e-11,1.0302283243184441e-11,1.4710018880266984,9.072962191986533e-11,1.62915442865658e-11,1.3515752083190364,1.1372180725417226e-10,1.9365694957479675e-11,1.2739274125085729,0.5954435143591176,0.4719304370651794,0.25728421644771826,0.1350472942251528,0.6747949512125804,0.4633039988474446,-0.7472132271107786,-0.735573283495188
S095,T0,7.028730957851619e-11,2.4600174820023902e-11,1.3284168975684978,8.000592406640704e-11,2.6166299332875878e-11,1.3205505019112924,6.898755672135868e-11,2.378990364465141e-11,1.3031984687788742,0.7390957316095274,0.6109653310519906,0.7594019012120004,0.4951322730898465,0.7193072703966068,0.5542620595859177,,
S095,T1,6.564866015451119e-11,2.3552782329954426e-11,1.2919893489925636,7.707074140445101e-11,2.6238962696596142e-11,1.3297837932149421,6.268883589206419e-11,2.294374886717837e-11,1.3121442615306702,0.743639937175217,0.6135842828871282,0.7731173414128922,0.562456225248795,0.7399506430508433,0.5832851691109554,-0.7536879563689128,-0.7199121213267373
S095,T2,6.978346176227349e-11,2.415965357194546e-11,1.2694737894454078,7.723077088531632e-11,2.4820145385921032e-11,1.2454891918459001,6.953711214727695e-11,2.389093165269146e-11,1.2413622933734416,0.7613045308878811,0.626255076567719,0.715991144015721,0.49535500398330556,0.705362457177253,0.561006917604751,-0.7536879563689128,-0.7199121213267373
S096,T0,6.654234391213109e-11,2.262880207466682e-11,1.4179192621592285,8.125562958329847e-11,2.4411722816756342e-11,1.4211454301956024,7.290436850097385e-11,2.806305854903225e-11,1.428117106286589,0.8013547030563444,0.7807323798218946,0.5214958939424608,0.4862650092786485,0.7334320458492347,0.6805690555020517,,
S096,T1,6.115934747235521e-11,2.7746818329795317e-11,1.4244147624071637,7.652869161439346e-11,2.8420346111059065e-11,1.408321362103434,6.645067104426221e-11,2.995268224533649e-11,1.5095139307931722,0.7727060181424901,0.7356972745234817,0.4795052049511666,0.44394553969614725,0.6799952637167512,0.6258944305332871,-1.040031074499824,-0.9663306104819979
S096,T2,6.205074427144173e-11,1.9794137787500798e-11,1.4086673688836007,7.121091467217949e-11,2.1149964850049925e-11,1.3648352499599037,5.916434544529053e-11,2.0552053638048856e-11,1.3420531254987877,0.7967103605904197,0.7716859493074804,0.5230346095868883,0.4974093927302271,0.729496359675765,0.6912993429279529,-1.040031074499824,-0.9663306104819979
S097,T0,3.350214737446516e-11,1.0591436368218964e-11,1.5116380665264253,3.177610294928391e-11,8.858574701081561e-12,1.4800072927654981,2.4857921201700626e-11,7.151788952475742e-12,1.4163636992528643,0.6336308402673398,0.5034214472834284,0.4637061912129504,0.3054648614817486,0.7664284436458286,0.6256027944357879,,
S097,T1,3.7725657586874656e-11,1.229135870645965e-11,1.2820784246038501,3.2563153353619686e-11,1.0750560067939144e-11,1.2134186309129447,2.3884182336621987e-11,8.785245341967622e-12,1.301842300805515,0.6887754299259314,0.5881410648785524,0.5085685492691806,0.40812464917947405,0.7954578327702059,0.7043921627897702,-0.713933425398689,-0.7346786915225844
S097,T2,4.303501298556104e-11,1.1611908833299018e-11,1.4561235186653971,3.939667829620391e-11,1.083071554370815e-11,1.4161240109313105,2.932546803310628e-11,8.962361691384037e-12,1.397593916373824,0.7074977724722149,0.5424748438387884,0.5341870419891614,0.33619579937653193,0.7943001236154938,0.6439225689596472,-0.713933425398689,-0.7346786915225844
S098,T0,1.441550289789054e-11,1.4771899273902414e-12,1.6398937585686217,1.622962081920673e-11,1.3110062220893686e-12,1.2475265480902789,1.3183739403162145e-11,1.1646421779049374e-12,1.3461927569513639,0.7476926070422745,0.6152275068568539,0.48226000499201627,0.33500369829397175,0.8090070157818496,0.7495985568820636,,
S098,T1,1.3422241860292342e-11,1.413895923201569e-12,1.6555513061828075,1.62420581760064e-11,1.2243252791643642e-12,1.3626099994074496,1.292802629463606e-11,1.0711282520061718e-12,1.5596377746906207,0.8016199489177702,0.6231618206295958,0.6029696266321524,0.3536878941472486,0.8734443030718642,0.7696211616960754,-0.822748188310549,-0.8002465757698705
S098,T2,1.3454996402593521e-11,1.5290049320491195e-12,1.6209967981436846,1.4878883537796603e-11,1.3443091683098584e-12,1.2598077093364224,1.1894487012263847e-11,1.171819615949239e-12,1.3477411351109765,0.7837360891464804,0.6399474081326346,0.5061567948583281,0.37092009175874907,0.8135835362916752,0.7601880313243977,-0.822748188310549,-0.8002465757698705
S099,T0,1.0659547618937627e-10,3.9909963445174226e-11,1.349172194744167,9.729250327278523e-11,2.9110249938590026e-11,1.2248846940764015,5.502793759273032e-11,2.0315023287852536e-11,1.3384623070392168,0.8661193750004136,0.8117605312494797,0.6443246335284496,0.5515882653287181,0.8682065744871805,0.8252995869457794,,
S099,T1,9.662465238467224e-11,3.971859394837565e-11,1.4075948838951258,8.790247511550449e-11,2.7777105197590487e-11,1.3135925293431585,5.1658199934949587e-11,1.9111460710873686e-11,1.3753776864623535,0.8702356722106962,0.8122381632669667,0.658320518687219,0.5545572583943786,0.8766092090526074,0.8293747279614172,-0.7228300807382911,-0.7318635610524432
S099,T2,1.063392979328148e-10,3.7483618700458324e-11,1.2380559273543794,9.711119911294014e-11,2.7420994655481514e-11,1.187816401819882,5.379360686764737e-11,1.9322707512833536e-11,1.4653133843710546,0.8655796553517661,0.8178197248156948,0.6496872778433673,0.5578348013958588,0.8734053205716652,0.8220338057715377,-0.7228300807382911,-0.7318635610524432
S100,T0,5.8165276482890236e-11,9.602028079648134e-12,1.4356226088751805,4.942274249107455e-11,8.644550966322932e-12,1.321069733608921,3.7972267552580504e-11,9.01776964205338e-12,1.4991286988905155,0.6002740762364722,0.6269794108554431,0.09280850813708279,0.19037576119185312,0.3650919155143062,0.443530260566314,,
S100,T1,4.900628882287673e-11,8.460021742330567e-12,1.3544022833513405,5.149467462566232e-11,8.224229740572436e-12,1.425887099185416,3.5752545011928036e-11,6.2700410387396024e-12,1.4685603161913068,0.6096888078567638,0.6279209191979678,0.1599968551082092,0.16554844351759598,0.48177448128290834,0.4103266213103524,-0.7507620976043283,-0.7398316426451635
S100,T2,5.0366286243220553e-11,9.903527443471548e-12,1.2517835684627847,5.637669518940489e-11,8.196382224362108e-12,1.2088921911257544,3.9515647121379505e-11,6.515576389789177e-12,1.3310798322871598,0.6234079213885428,0.5766622027117458,0.20666650378590207,0.13730162469685764,0.5173254018241962,0.41941438855364593,-0.7507620976043283,-0.7398316426451635
S101,T0,2.709567317558349e-11,1.1827764803996363e-11,1.5268110679814744,2.4555748529530166e-11,9.554097069773048e-12,1.557209892943441,2.055339030281914e-11,9.654503259444611e-12,1.6702193846939593,0.7235666425293428,0.6540401847698118,0.5683631119915429,0.4470564962311231,0.8548342399197084,0.8132344679375663,,
S101,T1,2.6696961368659202e-11,1.1587393790317816e-11,1.532778712531776,2.5323988217376177e-11,9.377142550466146e-12,1.4931575066622518,1.9765137196351074e-11,9.349912607567047e-12,1.6651636765897728,0.7309983220668712,0.6813801152763574,0.5582830002098698,0.4727856311409847,0.8390708457786409,0.8119285305599595,-0.7078185004400123,-0.7012709823188914
S101,T2,2.6163754388044483e-11,1.1341643601293228e-11,1.5692026002422013,2.4195812897793668e-11,9.417359528284085e-12,1.5097085335186013,1.9818925884747665e-11,9.504162731429217e-12,1.6334711118782566,0.728053063145484,0.6853735526092467,0.5716331081273502,0.48582740162738586,0.8567398444615251,0.8178137495703114,-0.7078185004400123,-0.7012709823188914
S102,T0,3.4323106605961363e-12,1.1562420824592948e-12,1.2969492607840407,3.08614954732492e-12,1.0448167533822187e-12,1.3258852333243307,2.4434161222722813e-12,9.063321175286788e-13,1.3041808915933806,0.8246800605180515,0.6314700786925818,0.5893135561886674,0.3123738748197035,0.8057573835934169,0.5974083602781587,,
S102,T1,3.628551772762823e-12,1.0328342155786267e-12,1.3553268812764092,3.5076961693519634e-12,9.064312234873487e-13,1.365428523804596,2.745675218134894e-12,7.999126010517481e-13,1.4441198643855533,0.8382957227627039,0.7008075616775107,0.6542331055337505,0.3874336877049104,0.8509546679166695,0.6651983114828103,-0.7292481562429566,-0.7174478832147158
S102,T2,3.931843235083465e-12,1.0269857637172563e-12,1.3317614820996406,3.674474982459116e-12,9.374546708516887e-13,1.3186741734449112,2.9381925820408458e-12,8.542961828770846e-13,1.4177076840831577,0.8375565983586404,0.7325004879174136,0.6045788690336613,0.3840405136372489,0.818274461798804,0.6292611103228987,-0.7292481562429566,-0.7174478832147158
S103,T0,1.1084596862946126e-10,2.1462947507280903e-11,1.3377468859457038,1.1166113211152545e-10,2.15833764827045e-11,1.2931612968582131,7.609077962473615e-11,1.4302751935757713e-11,1.4034884317994278,0.6247649428463408,0.6383481206242648,0.38259971184612596,0.42879453228797926,0.7899264467511792,0.7563379510936211,,
S103,T1,9.671217141410907e-11,2.1709759564641436e-11,1.4721204458993238,9.965594857796818e-11,2.2161726398815822e-11,1.365195681544722,7.346674505021331e-11,1.479509093124286e-11,1.5025023452614965,0.6544013580976575,0.6073565636916779,0.45551056877596396,0.41918798302465443,0.8379669590148004,0.7566021503370676,-0.7373684170961761,-0.7306416552210014
S103,T2,9.650325500629266e-11,1.9221841445880648e-11,1.3703621299212068,1.0359394136865033e-10,1.984296617472392e-11,1.297085760535789,7.681012314464218e-11,1.4110830781982591e-11,1.3521978152237772,0.6977731935692582,0.6336129963758461,0.4536368995633061,0.4404017458157659,0.8188545898398973,0.7667031909272317,-0.7373684170961761,-0.7306416552210014
S104,T0,2.0325815251069492e-11,4.003663287512928e-12,1.593503460167714,2.6080139775198516e-11,4.3629863162490795e-12,1.3895686608155646,2.197134290866769e-11,4.160417291728112e-12,1.3682016413606195,0.8312128132065112,0.6919891140703659,0.6343742427683193,0.43740941773630043,0.7697744595851344,0.7327463110058309,,
S104,T1,1.585811898473382e-11,3.658031285024198e-12,1.5101347525582802,1.979198840277175e-11,4.252007134900244e-12,1.4034561270975412,1.7018195553600963e-11,3.854604780221721e-12,1.4297283260887976,0.8086108799311151,0.7393178987667983,0.6206856837212396,0.5133697912299351,0.7886971573514676,0.7623304781993754,-0.7286693695281714,-0.7169059106046543
S104,T2,1.8127283163197796e-11,3.5607049280069623e-12,1.4244495506338373,2.1444405587890867e-11,3.904097374205615e-12,1.27474498235295,1.7580310212041954e-11,3.5531597696300025e-12,1.3376263393279082,0.8297931956394429,0.7510578472089301,0.6410411360056016,0.5160817953572564,0.7663466865535813,0.7543003008239207,-0.7286693695281714,-0.7169059106046543
S105,T0,2.1625254032356686e-11,3.5607744725680047e-12,1.3074676904791325,2.1053739804678402e-11,3.580493981048323e-12,1.2027273939311254,1.7888158741994124e-11,3.1603881150849218e-12,1.426879641234969,0.6336422239954629,0.6667635267863575,0.3172390274952873,0.3989795111428202,0.6215160714659149,0.7010126537692385,,
S105,T1,1.717860846239671e-11,3.3234141680339654e-12,1.2567742598650795,1.7621285337394685e-11,3.3888638065053336e-12,1.1944868025731905,1.3985234679897287e-11,2.905343437033551e-12,1.3670365445154762,0.648959860581382,0.6678571597212445,0.3693498709605869,0.39592014633917266,0.6663702957070554,0.6989958490660448,-0.7851830132815163,-0.781036827990719
S105,T2,2.239823282065771e-11,3.2624999258004304e-12,1.3263057340842968,2.291720158223756e-11,3.3450232524764783e-12,1.2241235977276455,1.842591938488504e-11,2.906267775206659e-12,1.2963116276565259,0.6914528047651466,0.6724294466953228,0.4095804599214635,0.40060156729610175,0.6827172434022042,0.7026676493359485,-0.7851830132815163,-0.781036827990719
S106,T0,6.30281217686569e-11,9.445450800805599e-12,1.4108733922012096,9.361461792071084e-11,1.1182181914127269e-11,1.319478170501946,7.890787604265547e-11,9.038116339960209e-12,1.4016124656127258,0.7430085719185818,0.6060056476439648,0.5062549762245734,0.364112290287754,0.7937203090564885,0.608649879100262,,
S106,T1,3.695992057731672e-11,7.569097333822011e-12,1.4935062393800445,6.021552123059122e-11,9.624573284095018e-12,1.316614440481901,4.782505960007952e-11,7.164842662523453e-12,1.5790413733707949,0.722326994284469,0.6259959119342439,0.512625192475032,0.44883648052415026,0.7848876077040504,0.6441146008507542,-0.7967149885101156,-0.7514068078831608
S106,T2,4.1453382387439576e-11,7.838824918633855e-12,1.3055330044754323,7.452619645892747e-11,9.941554469184844e-12,1.3898533370453143,6.59774265208821e-11,7.98701642123844e-12,1.4577315003331044,0.7102271271524121,0.6277173273059419,0.46773221512813656,0.40990858891473353,0.7587649362184424,0.6372854094896591,-0.7967149885101156,-0.7514068078831608
S107,T0,7.47025058519107e-11,1.3709625979619959e-11,1.2451986359064415,7.517265426136996e-11,1.1951346390540448e-11,1.2134678136003783,4.93188269118373e-11,9.635596523682339e-12,1.3119140578098014,0.9014551446942536,0.8971198244894809,0.7620318496666503,0.78370539357411,0.8807478702729582,0.8825767222590992,,
S107,T1,8.29956253520547e-11,1.4067524680022429e-11,1.0620692731017058,8.11658588976676e-11,1.2166924045356192e-11,1.063018176160788,5.3402971422094964e-11,9.4795322176836e-12,1.103519288744876,0.9022602291124503,0.8863750194924863,0.7801035691804283,0.7696078178031265,0.8896253864307693,0.8783100879201371,-0.7494431755102481,-0.7351033691876493
S107,T2,7.103149993237579e-11,1.2946319982666934e-11,1.4046961230581092,6.984064844728666e-11,1.124597764954226e-11,1.3453295361138382,4.739625234007812e-11,9.041700705143551e-12,1.4046701199581917,0.9054959684601404,0.905048451485212,0.7812077089945494,0.7894780326357653,0.8904090955446341,0.8861612579475917,-0.7494431755102481,-0.7351033691876493
S108,T0,4.4992976298905524e-11,1.084367874957796e-11,1.3717247561609676,3.502974978728223e-11,8.305621234190363e-12,1.338468340848807,3.32182026867035e-11,7.28757887059041e-12,1.3393942643527608,0.6680832397533871,0.6288916510394961,0.23138252286101374,0.34846980667585054,0.5975147057454469,0.6621005384974896,,
S108,T1,4.550450890959365e-11,1.0769040977691759e-11,1.426229391347526,3.496015270770367e-11,8.536301572215024e-12,1.1917200591419856,3.225130306172672e-11,7.408967329557954e-12,1.244569607929706,0.6534853455751526,0.6074452968062511,0.2530679449560409,0.34818897907492113,0.6412039131435622,0.6616254258201817,-0.7580701319020466,-0.746373295210935
S108,T2,4.0958304106794785e-11,1.0307571161080984e-11,1.4572183853862868,3.8461008442217976e-11,7.979350949848122e-12,1.3618835296017593,3.791000138946644e-11,7.026092677999685e-12,1.3892226208989789,0.667651098753967,0.6534583171365356,0.22836943271555904,0.36263595024757306,0.5829601878692554,0.674014530378161,-0.7580701319020466,-0.746373295210935
S109,T0,1.428875703345201e-11,4.819036997602199e-12,1.334769946375386,1.7093689206833762e-11,4.995699431799034e-12,1.3257270020618186,1.8249411327297748e-09,5.283650436878873e-10,1.208224166147301,0.6935774007355275,0.627895442985937,0.061375293861214764,0.0329962629593734,0.05231587404450469,0.03224584282975514,,
S109,T1,1.4931243050935133e-11,4.580453050386987e-12,1.3940292901065492,1.7149697947530884e-11,4.9676771721813514e-12,1.4996362347763061,1.7442157245654457e-09,4.953901096830064e-10,1.2466623607969471,0.7059129045954777,0.6300544561782278,0.05898364216693588,0.034913620698714544,0.04076370194611513,0.031955211795317295,-0.7044849669669855,-0.7029927223739173
S109,T2,1.4388269272001217e-11,4.902635523180212e-12,1.3476222096851609,1.6425572771909743e-11,5.092272111845935e-12,1.3920547457118704,1.7701964553458607e-09,5.351445212069295e-10,1.2837720549075822,0.6949268371325801,0.6197791800938942,0.08623790251448053,0.03526279422187039,0.08219467999533317,0.035770170682866274,-0.7044849669669855,-0.7029927223739173
